price,area,rooms,floor,floors_total,district,metro_station,metro_distance_min,renovation_quality,furniture,month,latitude,longitude,center_distance_km,build_year,house_age,has_balcony,has_loggia,has_separate_bathroom,has_view_to_river,has_parking,has_concierge,metro_line,renovation_year,appliances_count,price_per_sqm,floor_ratio,is_new_building,is_center,is_high_floor,amenities_count,is_summer,is_winter,area_rooms_interaction,center_new_interaction,metro_center_interaction
41122.0,52.5,2,3,9,Приморский,Комендантский проспект,9.2,косметический,нет,8,59.98,30.148,19.89,2013,11,1,1,1,0,0,0,5,2005,0,783.2761904761904,0.3333333333333333,1,0,0,3,1,0,105.0,0,182.988
46381.0,37.1,1,9,9,Петроградский,Спортивная,2.0,косметический,нет,3,59.9596,30.3056,3.65,1985,39,1,1,1,1,1,0,5,2005,0,1250.1617250673853,1.0,0,0,1,5,0,0,37.1,0,7.3
54629.0,51.3,1,2,9,Центральный,Гостиный двор,4.6,без ремонта,частично,3,59.9243,30.2958,2.76,1949,75,1,0,1,0,0,0,1,1995,2,1064.8927875243664,0.2222222222222222,0,1,0,2,0,0,51.3,0,12.695999999999998
31715.0,26.7,1,6,12,Приморский,Гостиный двор,5.0,евроремонт,частично,7,59.9766,30.1671,17.74,2003,21,1,1,1,0,0,0,1,2015,2,1187.8277153558054,0.5,0,0,0,3,1,0,26.7,0,88.69999999999999
30110.0,49.0,2,9,9,Кировский,Чернышевская,20.0,косметический,частично,11,59.8698,30.2333,11.72,1993,31,0,0,1,0,0,0,1,2005,2,614.4897959183673,1.0,0,0,1,1,0,0,98.0,0,234.4
74105.0,55.2,2,7,9,Василеостровский,Невский проспект,2.0,косметический,частично,12,59.9575,30.2475,8.61,1992,32,1,1,1,1,1,1,2,2005,2,1342.481884057971,0.7777777777777778,0,0,1,6,0,1,110.4,0,17.22
41703.0,50.4,2,7,16,Приморский,Спортивная,3.0,косметический,полностью,1,59.977,30.1605,18.45,2002,22,1,0,1,0,0,0,5,2005,5,827.4404761904763,0.4375,0,0,0,2,0,1,100.8,0,55.349999999999994
44190.0,45.3,1,4,16,Московский,Петроградская,2.0,косметический,частично,5,59.9121,30.3249,2.06,1961,63,0,1,1,0,0,0,2,2005,2,975.4966887417219,0.25,0,1,0,2,0,0,45.3,0,4.12
39674.0,46.5,2,1,5,Василеостровский,Чернышевская,11.9,косметический,нет,11,59.9286,30.2574,6.95,2010,14,0,1,1,0,1,0,1,2005,0,853.2043010752689,0.2,1,0,0,3,0,0,93.0,0,82.705
20729.0,40.7,1,1,5,Василеостровский,Спортивная,20.0,косметический,частично,1,59.9352,30.2282,10.2,2008,16,1,0,1,0,0,0,5,2005,2,509.3120393120393,0.2,0,0,0,2,0,1,40.7,0,204.0
60052.0,63.6,2,6,12,Приморский,Площадь Восстания,3.0,косметический,полностью,6,59.9871,30.1586,19.0,2013,11,1,0,0,0,1,0,1,2005,5,944.2138364779875,0.5,1,0,0,2,1,0,127.2,0,57.0
26413.0,36.5,1,3,12,Приморский,Московская,10.4,косметический,частично,8,60.0106,30.1655,19.34,2022,2,1,1,1,0,0,1,2,2005,2,723.6438356164383,0.25,1,0,0,4,1,0,36.5,0,201.136
32779.0,57.2,2,2,12,Приморский,Комендантский проспект,23.1,косметический,частично,3,60.0248,30.1733,19.39,1998,26,1,0,0,1,0,0,5,2005,2,573.0594405594405,0.16666666666666666,0,0,0,2,0,0,114.4,0,447.90900000000005
38475.0,41.6,3,8,9,Василеостровский,Чернышевская,7.6,косметический,частично,2,59.9453,30.2255,10.63,1958,66,0,1,1,0,0,0,1,2005,2,924.8798076923076,0.8888888888888888,0,0,1,2,0,1,124.80000000000001,0,80.788
24127.0,30.4,1,7,9,Калининский,Петроградская,10.1,косметический,полностью,3,60.011,30.3904,11.92,1991,33,1,0,0,0,0,0,2,2005,5,793.6513157894738,0.7777777777777778,0,0,1,1,0,0,30.4,0,120.392
72162.0,53.1,2,5,12,Приморский,Московская,3.0,дизайнерский,частично,5,59.9865,30.15,19.89,2006,18,1,0,1,1,1,1,2,2020,2,1358.9830508474577,0.4166666666666667,0,0,0,5,0,0,106.2,0,59.67
47100.0,54.1,2,5,5,Кировский,Петроградская,2.0,косметический,полностью,3,59.8743,30.2676,8.5,1994,30,0,0,1,0,0,1,2,2005,5,870.6099815157116,1.0,0,0,1,2,0,0,108.2,0,17.0
44992.0,32.9,4,2,6,Центральный,Чернышевская,4.8,косметический,частично,10,59.9211,30.3374,2.17,1937,87,0,0,1,0,0,0,1,2005,2,1367.5379939209727,0.3333333333333333,0,1,0,1,0,0,131.6,0,10.415999999999999
62784.0,52.7,2,3,9,Фрунзенский,Гостиный двор,4.0,косметический,нет,6,59.8419,30.3738,11.46,1991,33,1,0,0,0,1,0,1,2005,0,1191.34724857685,0.3333333333333333,0,0,0,2,1,0,105.4,0,45.84
26422.0,61.3,1,12,16,Приморский,Проспект Ветеранов,3.0,косметический,частично,4,60.0233,30.1479,21.73,2019,5,1,1,1,0,0,0,1,2005,2,431.0277324632953,0.75,1,0,1,3,0,0,61.3,0,65.19
46976.0,34.0,1,1,12,Московский,Гостиный двор,2.0,евроремонт,частично,5,59.8737,30.3028,6.54,1965,59,0,1,0,0,1,0,1,2015,2,1381.6470588235295,0.08333333333333333,0,0,0,2,0,0,34.0,0,13.08
28838.0,48.4,1,2,5,Калининский,Чернышевская,4.2,без ремонта,нет,4,59.9928,30.4129,12.45,1997,27,1,0,1,0,0,0,1,1995,0,595.8264462809917,0.4,0,0,0,2,0,0,48.4,0,52.29
92334.0,76.7,1,4,12,Василеостровский,Спортивная,4.9,косметический,частично,7,59.9337,30.2563,7.08,1934,90,1,0,1,0,0,0,5,2005,2,1203.8331160365058,0.3333333333333333,0,0,0,2,1,0,76.7,0,34.692
41072.0,58.9,2,1,9,Фрунзенский,Комендантский проспект,6.9,дизайнерский,полностью,12,59.8479,30.3823,11.44,1970,54,1,0,1,0,0,0,5,2020,5,697.3174872665535,0.1111111111111111,0,0,0,2,0,1,117.8,0,78.936
32057.0,46.7,1,2,5,Фрунзенский,Чернышевская,4.8,косметический,частично,8,59.8262,30.3957,14.27,1969,55,0,0,0,0,1,0,1,2005,2,686.4453961456103,0.4,0,0,0,1,1,0,46.7,0,68.496
33182.0,58.2,1,1,12,Калининский,Невский проспект,15.0,евроремонт,частично,12,60.0116,30.3814,11.33,1993,31,0,0,1,0,1,0,2,2015,2,570.1374570446735,0.08333333333333333,0,0,0,2,0,1,58.2,0,169.95
47549.0,64.6,1,4,5,Василеостровский,Чернышевская,2.7,косметический,частично,10,59.9629,30.2674,6.89,1983,41,0,1,0,0,0,0,1,2005,2,736.0526315789474,0.8,0,0,1,1,0,0,64.6,0,18.603
34506.0,38.3,1,7,9,Фрунзенский,Комендантский проспект,4.8,дизайнерский,нет,3,59.8641,30.3607,8.6,2008,16,0,1,1,0,0,0,5,2020,0,900.939947780679,0.7777777777777778,0,0,1,2,0,0,38.3,0,41.279999999999994
58490.0,51.2,2,5,5,Центральный,Спортивная,1.0,без ремонта,полностью,1,59.9161,30.3148,1.64,1918,106,1,0,0,0,0,1,5,1995,5,1142.3828125,1.0,0,1,1,2,0,1,102.4,0,1.64
33366.0,42.2,2,3,9,Петроградский,Спортивная,16.6,косметический,частично,2,59.9839,30.3029,6.27,2008,16,0,1,1,0,1,0,5,2005,2,790.6635071090047,0.3333333333333333,0,0,0,3,0,1,84.4,0,104.08200000000001
30067.0,49.8,2,17,25,Приморский,Комендантский проспект,25.0,косметический,частично,6,59.9791,30.1514,19.49,2021,3,1,0,0,0,0,0,5,2005,2,603.7550200803213,0.68,1,0,0,1,1,0,99.6,0,487.24999999999994
49431.0,49.3,2,1,5,Центральный,Комендантский проспект,4.8,евроремонт,нет,12,59.9398,30.3177,1.12,1972,52,1,0,0,1,0,0,5,2015,0,1002.6572008113591,0.2,0,1,0,2,0,1,98.6,0,5.376
41631.0,51.9,1,5,5,Адмиралтейский,Проспект Ветеранов,1.0,косметический,полностью,12,59.9437,30.3043,2.31,1908,116,1,1,0,0,0,0,1,2005,5,802.1387283236994,1.0,0,1,1,2,0,1,51.9,0,2.31
71645.0,54.7,2,2,5,Василеостровский,Площадь Восстания,3.3,косметический,полностью,11,59.9426,30.2332,9.73,1970,54,0,0,0,0,1,0,1,2005,5,1309.7806215722119,0.4,0,0,0,1,0,0,109.4,0,32.109
32384.0,49.1,1,7,9,Московский,Комендантский проспект,20.0,косметический,частично,10,59.9082,30.3356,2.98,2022,2,0,1,1,0,0,0,5,2005,2,659.5519348268839,0.7777777777777778,1,1,1,2,0,0,49.1,1,59.6
20000.0,21.0,1,1,9,Кировский,Площадь Восстания,2.0,косметический,полностью,2,59.8886,30.2559,8.47,2003,21,1,0,1,0,0,0,1,2005,5,952.3809523809524,0.1111111111111111,0,0,0,2,0,1,21.0,0,16.94
48400.0,41.3,1,5,7,Центральный,Ладожская,1.0,косметический,частично,11,59.937,30.3353,1.86,2003,21,1,1,0,0,1,0,4,2005,2,1171.912832929782,0.7142857142857143,0,1,1,3,0,0,41.3,0,1.86
81287.0,70.8,1,2,5,Василеостровский,Московская,4.3,косметический,частично,8,59.9581,30.2725,6.13,1986,38,1,1,0,0,0,0,2,2005,2,1148.1214689265537,0.4,0,0,0,2,1,0,70.8,0,26.358999999999998
32515.0,50.6,1,11,12,Приморский,Площадь Восстания,11.9,евроремонт,частично,2,59.9819,30.157,18.98,2014,10,1,0,0,0,0,0,1,2015,2,642.5889328063241,0.9166666666666666,1,0,1,1,0,1,50.6,0,225.86200000000002
43706.0,37.1,1,1,5,Петроградский,Гостиный двор,2.0,косметический,нет,9,59.9717,30.2928,5.53,1935,89,1,0,0,0,0,1,1,2005,0,1178.0592991913745,0.2,0,0,0,2,0,0,37.1,0,11.06
25834.0,39.3,1,3,5,Невский,Площадь Восстания,4.6,евроремонт,частично,2,59.9142,30.4855,18.45,1995,29,0,0,0,1,0,0,1,2015,2,657.35368956743,0.6,0,0,0,1,0,1,39.3,0,84.86999999999999
31035.0,49.7,2,6,9,Приморский,Чернышевская,13.4,без ремонта,частично,7,60.0016,30.1371,21.8,2017,7,0,0,1,0,1,0,1,1995,2,624.4466800804829,0.6666666666666666,1,0,0,2,1,0,99.4,0,292.12
20000.0,39.8,1,4,9,Фрунзенский,Площадь Восстания,6.2,косметический,частично,4,59.8519,30.3843,11.24,1962,62,0,0,1,0,1,1,1,2005,2,502.5125628140704,0.4444444444444444,0,0,0,3,0,0,39.8,0,69.688
48298.0,59.1,4,6,9,Приморский,Московская,19.0,без ремонта,полностью,7,59.9863,30.1433,20.59,2019,5,0,0,1,0,1,0,2,1995,5,817.2250423011844,0.6666666666666666,1,0,0,2,1,0,236.4,0,391.21
42885.0,71.9,2,3,9,Фрунзенский,Спортивная,2.7,без ремонта,частично,12,59.8669,30.3653,8.62,1988,36,1,0,1,0,1,1,5,1995,2,596.4534075104311,0.3333333333333333,0,0,0,4,0,1,143.8,0,23.274
107795.0,57.0,2,3,6,Адмиралтейский,Площадь Восстания,1.0,косметический,нет,8,59.9247,30.2735,5.2,1992,32,1,0,1,0,0,0,1,2005,0,1891.140350877193,0.5,0,0,0,2,1,0,114.0,0,5.2
71313.0,52.9,1,1,12,Московский,Гостиный двор,2.0,дизайнерский,нет,3,59.9075,30.3323,2.84,1967,57,0,0,0,0,0,0,1,2020,0,1348.0718336483933,0.08333333333333333,0,1,0,0,0,0,52.9,0,5.68
85831.0,68.7,2,6,7,Центральный,Комендантский проспект,6.7,косметический,частично,10,59.945,30.3363,2.45,1983,41,1,0,0,0,1,0,5,2005,2,1249.3595342066958,0.8571428571428571,0,1,1,2,0,0,137.4,0,16.415000000000003
20835.0,34.9,1,9,9,Калининский,Гостиный двор,7.8,косметический,частично,6,59.9928,30.3946,10.82,2009,15,1,1,1,0,0,0,1,2005,2,596.9914040114613,1.0,0,0,1,3,1,0,34.9,0,84.396
38630.0,62.2,1,4,9,Калининский,Проспект Ветеранов,14.0,евроремонт,нет,4,60.0121,30.4037,13.01,2006,18,1,1,1,0,0,0,1,2015,0,621.0610932475884,0.4444444444444444,0,0,0,3,0,0,62.2,0,182.14
25124.0,60.6,1,5,5,Невский,Московская,9.0,без ремонта,частично,4,59.932,30.4993,19.91,1971,53,1,0,0,0,1,1,2,1995,2,414.5874587458746,1.0,0,0,1,3,0,0,60.6,0,179.19
20000.0,26.3,1,8,9,Василеостровский,Спортивная,6.2,косметический,нет,12,59.9362,30.2394,8.97,1987,37,1,0,0,0,1,1,5,2005,0,760.4562737642585,0.8888888888888888,0,0,1,3,0,1,26.3,0,55.614000000000004
20000.0,48.3,1,6,12,Приморский,Чернышевская,25.0,без ремонта,нет,10,59.9789,30.1302,21.75,2012,12,1,0,1,0,0,1,1,1995,0,414.0786749482402,0.5,1,0,0,3,0,0,48.3,0,543.75
30137.0,61.4,2,9,9,Московский,Спортивная,2.8,косметический,полностью,2,59.8753,30.3344,6.28,2021,3,1,0,1,0,0,1,5,2005,5,490.83061889250814,1.0,1,0,1,3,0,1,122.8,0,17.584
41424.0,38.3,3,4,6,Адмиралтейский,Невский проспект,6.1,косметический,нет,5,59.9159,30.3007,2.65,1942,82,0,0,1,0,0,0,2,2005,0,1081.566579634465,0.6666666666666666,0,1,0,1,0,0,114.89999999999999,0,16.165
24822.0,51.4,2,8,9,Невский,Ладожская,3.9,косметический,частично,1,59.9301,30.5048,20.51,1988,36,0,0,0,0,0,0,4,2005,2,482.91828793774323,0.8888888888888888,0,0,1,0,0,1,102.8,0,79.989
29157.0,65.8,1,4,12,Московский,Ладожская,9.8,косметический,частично,12,59.8741,30.3381,6.52,1979,45,1,0,0,0,1,0,4,2005,2,443.11550151975683,0.3333333333333333,0,0,0,2,0,1,65.8,0,63.896
66241.0,60.4,2,5,5,Адмиралтейский,Комендантский проспект,1.0,косметический,частично,3,59.9248,30.272,5.36,2002,22,1,0,1,1,1,0,5,2005,2,1096.705298013245,1.0,0,0,1,4,0,0,120.8,0,5.36
28651.0,39.6,2,2,5,Адмиралтейский,Ладожская,7.5,без ремонта,частично,12,59.8957,30.2593,7.74,2017,7,1,1,1,0,1,0,4,1995,2,723.510101010101,0.4,1,0,0,4,0,1,79.2,0,58.050000000000004
32632.0,56.2,1,4,5,Невский,Чернышевская,4.0,косметический,полностью,12,59.9465,30.4923,19.21,2013,11,1,0,0,0,0,0,1,2005,5,580.6405693950178,0.8,1,0,1,1,0,1,56.2,0,76.84
24931.0,39.5,1,7,12,Приморский,Московская,3.0,без ремонта,частично,11,59.9859,30.1573,19.1,2018,6,1,0,0,0,0,0,2,1995,2,631.1645569620254,0.5833333333333334,1,0,0,1,0,0,39.5,0,57.300000000000004
76390.0,46.9,1,6,6,Центральный,Спортивная,1.0,евроремонт,полностью,8,59.9465,30.3053,2.45,1996,28,0,1,1,0,1,0,5,2015,5,1628.7846481876334,1.0,0,1,1,3,1,0,46.9,0,2.45
59130.0,62.8,1,2,9,Калининский,Петроградская,3.0,косметический,частично,8,59.9833,30.4119,11.79,2020,4,1,0,1,0,1,0,2,2005,2,941.5605095541401,0.2222222222222222,1,0,0,3,1,0,62.8,0,35.37
61697.0,51.5,2,5,5,Василеостровский,Московская,2.0,косметический,частично,2,59.9392,30.2385,9.1,1946,78,0,1,1,1,1,0,2,2005,2,1198.0,1.0,0,0,1,4,0,1,103.0,0,18.2
20217.0,29.3,2,3,12,Приморский,Петроградская,3.2,косметический,нет,11,60.016,30.165,19.68,2001,23,1,0,0,0,1,1,2,2005,0,690.0,0.25,0,0,0,3,0,0,58.6,0,62.976
97213.0,60.2,2,3,9,Центральный,Ладожская,5.2,евроремонт,нет,9,59.9416,30.3353,2.13,1985,39,1,0,0,0,0,0,4,2015,0,1614.8338870431892,0.3333333333333333,0,1,0,1,0,0,120.4,0,11.076
45790.0,40.3,2,6,9,Кировский,Комендантский проспект,9.2,евроремонт,полностью,7,59.9008,30.2267,10.85,1968,56,1,1,1,0,1,0,5,2015,5,1136.228287841191,0.6666666666666666,0,0,0,4,1,0,80.6,0,99.82
20000.0,20.0,2,4,5,Фрунзенский,Комендантский проспект,5.3,евроремонт,нет,8,59.831,30.3588,11.8,1969,55,0,0,1,0,0,1,5,2015,0,1000.0,0.8,0,0,1,2,1,0,40.0,0,62.54
20000.0,20.0,3,2,12,Московский,Гостиный двор,19.6,без ремонта,нет,1,59.8661,30.3387,7.4,2004,20,0,0,1,0,1,0,1,1995,0,1000.0,0.16666666666666666,0,0,0,2,0,1,60.0,0,145.04000000000002
24207.0,39.6,3,9,9,Кировский,Невский проспект,2.0,косметический,частично,2,59.8718,30.2511,10.01,1952,72,0,0,1,0,0,0,2,2005,2,611.2878787878788,1.0,0,0,1,1,0,1,118.80000000000001,0,20.02
20000.0,20.0,2,5,9,Адмиралтейский,Площадь Восстания,8.6,косметический,частично,9,59.8995,30.2759,5.96,1993,31,1,0,1,0,0,1,1,2005,2,1000.0,0.5555555555555556,0,0,0,3,0,0,40.0,0,51.256
47869.0,35.1,2,6,7,Адмиралтейский,Спортивная,1.0,евроремонт,полностью,6,59.9065,30.2638,6.76,1972,52,0,0,1,0,0,0,5,2015,5,1363.7891737891737,0.8571428571428571,0,0,1,1,1,0,70.2,0,6.76
37536.0,32.5,2,1,5,Адмиралтейский,Гостиный двор,2.4,косметический,частично,3,59.9246,30.284,4.04,1972,52,1,0,0,0,0,0,1,2005,2,1154.9538461538461,0.2,0,0,0,1,0,0,65.0,0,9.696
20228.0,50.0,2,8,9,Приморский,Комендантский проспект,3.0,без ремонта,нет,12,59.9876,30.1253,22.54,2007,17,1,0,1,0,1,0,5,1995,0,404.56,0.8888888888888888,0,0,1,3,0,1,100.0,0,67.62
39771.0,37.7,2,6,9,Приморский,Невский проспект,3.0,евроремонт,частично,10,60.0011,30.1684,18.58,2002,22,0,0,0,0,1,1,2,2015,2,1054.9336870026525,0.6666666666666666,0,0,0,2,0,0,75.4,0,55.739999999999995
38356.0,53.9,3,7,9,Кировский,Комендантский проспект,9.5,евроремонт,полностью,12,59.8553,30.266,10.24,1967,57,0,0,0,0,0,0,5,2015,5,711.6141001855287,0.7777777777777778,0,0,1,0,0,1,161.7,0,97.28
33261.0,56.3,2,2,5,Калининский,Комендантский проспект,3.0,без ремонта,полностью,4,59.9966,30.417,13.06,1973,51,1,0,1,0,0,0,5,1995,5,590.7815275310835,0.4,0,0,0,2,0,0,112.6,0,39.18
67201.0,47.6,2,2,9,Петроградский,Московская,7.3,евроремонт,нет,11,59.9886,30.3237,6.51,2021,3,1,0,1,0,1,1,2,2015,0,1411.7857142857142,0.2222222222222222,1,0,0,4,0,0,95.2,0,47.522999999999996
53970.0,43.3,3,7,7,Центральный,Московская,7.3,косметический,частично,11,59.9447,30.3297,1.96,2016,8,0,1,1,0,0,0,2,2005,2,1246.420323325635,1.0,1,1,1,2,0,0,129.89999999999998,1,14.308
29777.0,48.6,3,5,9,Кировский,Проспект Ветеранов,2.0,без ремонта,частично,12,59.9042,30.2455,8.75,1952,72,1,1,1,0,1,0,1,1995,2,612.6954732510288,0.5555555555555556,0,0,0,4,0,1,145.8,0,17.5
28454.0,38.7,1,2,6,Адмиралтейский,Комендантский проспект,9.7,без ремонта,частично,7,59.9331,30.2863,3.75,1972,52,1,0,1,0,0,0,5,1995,2,735.2454780361757,0.3333333333333333,0,0,0,2,1,0,38.7,0,36.375
44259.0,72.0,1,6,9,Приморский,Площадь Восстания,3.7,без ремонта,частично,2,59.9913,30.1545,19.59,2002,22,1,1,1,0,0,0,1,1995,2,614.7083333333334,0.6666666666666666,0,0,0,3,0,1,72.0,0,72.483
48366.0,56.8,2,1,6,Центральный,Проспект Ветеранов,3.9,косметический,полностью,2,59.9171,30.3443,3.06,1909,115,0,1,1,0,1,0,1,2005,5,851.5140845070423,0.16666666666666666,0,0,0,3,0,1,113.6,0,11.934
61011.0,45.6,1,2,5,Центральный,Спортивная,6.4,без ремонта,частично,8,59.9539,30.305,3.13,2003,21,0,0,1,0,0,0,5,1995,2,1337.9605263157894,0.4,0,0,0,1,1,0,45.6,0,20.032
89792.0,72.2,3,11,12,Фрунзенский,Московская,6.4,косметический,частично,9,59.8492,30.388,11.72,1991,33,1,0,1,0,0,0,2,2005,2,1243.6565096952909,0.9166666666666666,0,0,1,2,0,0,216.60000000000002,0,75.00800000000001
31485.0,38.1,2,3,9,Фрунзенский,Московская,9.5,евроремонт,частично,3,59.836,30.4038,13.98,1998,26,1,1,1,1,0,0,2,2015,2,826.3779527559054,0.3333333333333333,0,0,0,4,0,0,76.2,0,132.81
25030.0,32.3,1,1,6,Адмиралтейский,Комендантский проспект,5.2,евроремонт,частично,12,59.937,30.2637,6.3,1960,64,0,0,1,0,0,0,5,2015,2,774.9226006191951,0.16666666666666666,0,0,0,1,0,1,32.3,0,32.76
44244.0,60.7,1,2,9,Калининский,Ладожская,3.2,косметический,частично,3,60.0049,30.4146,13.4,2020,4,0,0,1,0,0,0,4,2005,2,728.8962108731466,0.2222222222222222,1,0,0,1,0,0,60.7,0,42.88
67333.0,51.0,3,2,5,Адмиралтейский,Чернышевская,1.1,косметический,частично,7,59.904,30.2977,3.8,1959,65,1,0,1,0,1,0,1,2005,2,1320.2549019607843,0.4,0,0,0,3,1,0,153.0,0,4.18
29139.0,49.8,1,5,5,Кировский,Площадь Восстания,3.5,косметический,нет,3,59.8555,30.2544,11.02,1992,32,1,0,1,1,0,0,1,2005,0,585.1204819277109,1.0,0,0,1,3,0,0,49.8,0,38.57
20000.0,31.7,1,25,25,Приморский,Чернышевская,9.3,косметический,полностью,12,59.9834,30.1334,21.54,2001,23,0,0,1,0,0,0,1,2005,5,630.9148264984227,1.0,0,0,1,1,0,1,31.7,0,200.322
94231.0,61.3,2,9,9,Центральный,Невский проспект,1.0,косметический,частично,12,59.9316,30.3418,2.43,1948,76,0,0,1,0,1,0,2,2005,2,1537.2104404567701,1.0,0,1,1,2,0,1,122.6,0,2.43
35004.0,60.0,1,5,5,Фрунзенский,Ладожская,2.0,без ремонта,частично,6,59.8322,30.402,14.17,1990,34,1,0,1,0,0,0,4,1995,2,583.4,1.0,0,0,1,2,1,0,60.0,0,28.34
25967.0,31.2,2,2,9,Василеостровский,Площадь Восстания,10.2,евроремонт,частично,1,59.9272,30.2665,5.94,1956,68,0,0,1,0,1,0,1,2015,2,832.275641025641,0.2222222222222222,0,0,0,2,0,1,62.4,0,60.588
119082.0,57.6,1,1,6,Адмиралтейский,Чернышевская,1.0,евроремонт,полностью,6,59.9383,30.3047,1.94,2000,24,1,0,1,0,0,1,1,2015,5,2067.3958333333335,0.16666666666666666,0,1,0,3,1,0,57.6,0,1.94
28425.0,53.5,2,1,9,Калининский,Чернышевская,4.0,косметический,частично,5,59.981,30.4022,10.74,1970,54,0,0,1,0,0,0,1,2005,2,531.3084112149533,0.1111111111111111,0,0,0,1,0,0,107.0,0,42.96
20000.0,20.0,1,2,9,Приморский,Спортивная,25.0,косметический,нет,10,59.9982,30.144,20.95,1991,33,0,0,1,0,0,0,5,2005,0,1000.0,0.2222222222222222,0,0,0,1,0,0,20.0,0,523.75
29885.0,27.3,1,7,12,Московский,Комендантский проспект,2.0,косметический,полностью,9,59.9056,30.3309,2.96,1985,39,0,0,1,0,0,0,5,2005,5,1094.6886446886447,0.5833333333333334,0,1,0,1,0,0,27.3,0,5.92
20000.0,24.0,1,11,12,Приморский,Площадь Восстания,3.7,евроремонт,частично,4,60.0215,30.1516,21.27,2019,5,0,0,1,0,1,0,1,2015,2,833.3333333333334,0.9166666666666666,1,0,1,2,0,0,24.0,0,78.699
49751.0,45.9,3,1,5,Калининский,Московская,5.5,евроремонт,частично,10,60.0034,30.3878,11.09,1976,48,0,1,0,0,0,0,2,2015,2,1083.8997821350763,0.2,0,0,0,1,0,0,137.7,0,60.995
58471.0,53.7,1,8,12,Петроградский,Комендантский проспект,2.5,евроремонт,частично,10,59.9627,30.2868,5.17,1933,91,1,0,0,0,1,0,5,2015,2,1088.8454376163872,0.6666666666666666,0,0,0,2,0,0,53.7,0,12.925
46340.0,51.5,1,4,5,Адмиралтейский,Невский проспект,1.0,косметический,частично,11,59.9381,30.2658,6.08,2006,18,1,0,1,0,0,0,2,2005,2,899.8058252427185,0.8,0,0,1,2,0,0,51.5,0,6.08
22595.0,49.7,1,6,9,Фрунзенский,Ладожская,2.9,без ремонта,частично,10,59.8473,30.3912,12.12,2015,9,1,0,0,0,1,0,4,1995,2,454.6277665995976,0.6666666666666666,1,0,0,2,0,0,49.7,0,35.147999999999996
33305.0,58.0,2,1,12,Приморский,Московская,5.8,косметический,нет,5,59.9863,30.1427,20.64,1991,33,1,1,1,0,0,0,2,2005,0,574.2241379310345,0.08333333333333333,0,0,0,3,0,0,116.0,0,119.712
33791.0,41.3,1,1,5,Центральный,Московская,1.0,без ремонта,полностью,9,59.9548,30.3173,2.77,2013,11,1,0,1,0,1,0,2,1995,5,818.1840193704601,0.2,1,1,0,3,0,0,41.3,1,2.77
27034.0,20.0,2,4,5,Центральный,Ладожская,2.0,без ремонта,частично,8,59.9287,30.3141,0.67,2009,15,0,0,0,0,0,0,4,1995,2,1351.7,0.8,0,1,1,0,1,0,40.0,0,1.34
28236.0,33.8,2,6,7,Центральный,Московская,1.4,косметический,частично,2,59.913,30.2982,3.07,2019,5,0,0,1,1,0,0,2,2005,2,835.3846153846155,0.8571428571428571,1,0,1,2,0,1,67.6,0,4.297999999999999
58132.0,52.6,1,7,12,Московский,Проспект Ветеранов,5.9,косметический,полностью,10,59.8731,30.3343,6.51,2021,3,1,1,1,0,0,0,1,2005,5,1105.171102661597,0.5833333333333334,1,0,0,3,0,0,52.6,0,38.409
77265.0,71.6,1,7,7,Адмиралтейский,Гостиный двор,1.0,дизайнерский,частично,9,59.9151,30.2637,6.47,1913,111,0,1,1,0,0,0,1,2020,2,1079.1201117318437,1.0,0,0,1,2,0,0,71.6,0,6.47
36205.0,41.7,2,6,7,Центральный,Чернышевская,7.0,косметический,нет,2,59.9137,30.3201,1.8,1902,122,1,0,1,0,0,1,1,2005,0,868.2254196642685,0.8571428571428571,0,1,1,3,0,1,83.4,0,12.6
34372.0,38.8,2,12,12,Василеостровский,Гостиный двор,7.4,косметический,частично,2,59.9576,30.225,10.98,1948,76,1,1,0,0,0,1,1,2005,2,885.8762886597939,1.0,0,0,1,3,0,1,77.6,0,81.25200000000001
32177.0,39.9,4,1,5,Адмиралтейский,Ладожская,4.7,косметический,полностью,1,59.9341,30.2683,5.76,2002,22,1,0,1,0,0,1,4,2005,5,806.4411027568923,0.2,0,0,0,3,0,1,159.6,0,27.072
44733.0,59.3,2,3,9,Калининский,Ладожская,13.2,дизайнерский,нет,11,59.9934,30.3957,10.96,1991,33,1,0,1,0,1,0,4,2020,0,754.3507588532884,0.3333333333333333,0,0,0,3,0,0,118.6,0,144.672
83314.0,65.5,2,5,6,Адмиралтейский,Комендантский проспект,1.0,дизайнерский,частично,3,59.8956,30.2671,7.01,1936,88,1,0,0,1,0,0,5,2020,2,1271.969465648855,0.8333333333333334,0,0,1,2,0,0,131.0,0,7.01
21348.0,34.7,1,2,5,Невский,Московская,13.7,евроремонт,полностью,9,59.9288,30.4938,19.29,1969,55,0,0,1,0,0,0,2,2015,5,615.2161383285302,0.4,0,0,0,1,0,0,34.7,0,264.27299999999997
45092.0,47.5,2,2,5,Центральный,Комендантский проспект,7.0,косметический,частично,1,59.9069,30.3401,3.4,2003,21,0,0,0,0,1,0,5,2005,2,949.3052631578947,0.4,0,0,0,1,0,1,95.0,0,23.8
41841.0,51.9,2,1,5,Фрунзенский,Петроградская,2.0,без ремонта,частично,8,59.8623,30.388,10.65,1993,31,1,1,0,0,1,0,2,1995,2,806.1849710982659,0.2,0,0,0,3,1,0,103.8,0,21.3
20000.0,25.1,2,3,5,Фрунзенский,Проспект Ветеранов,10.1,без ремонта,нет,12,59.8456,30.3825,11.66,1979,45,0,0,1,0,0,0,1,1995,0,796.812749003984,0.6,0,0,0,1,0,1,50.2,0,117.76599999999999
37613.0,41.8,3,10,16,Московский,Площадь Восстания,2.0,косметический,частично,12,59.9049,30.3096,3.01,1982,42,1,0,1,0,0,0,1,2005,2,899.8325358851675,0.625,0,0,0,2,0,1,125.39999999999999,0,6.02
34633.0,48.0,1,2,12,Приморский,Комендантский проспект,11.3,косметический,полностью,7,60.0222,30.137,22.74,2010,14,0,0,0,1,0,0,5,2005,5,721.5208333333334,0.16666666666666666,1,0,0,1,1,0,48.0,0,256.962
20000.0,26.4,4,7,9,Калининский,Проспект Ветеранов,14.0,евроремонт,нет,2,60.0078,30.3839,11.17,1994,30,1,0,0,0,1,1,1,2015,0,757.5757575757576,0.7777777777777778,0,0,1,3,0,1,105.6,0,156.38
32001.0,49.1,3,6,9,Приморский,Площадь Восстания,9.5,без ремонта,нет,12,60.0021,30.1545,20.04,2008,16,0,1,1,0,0,0,1,1995,0,651.7515274949084,0.6666666666666666,0,0,0,2,0,1,147.3,0,190.38
38245.0,41.2,1,8,12,Калининский,Гостиный двор,3.0,евроремонт,полностью,11,59.9847,30.419,12.55,1979,45,0,0,1,1,0,1,1,2015,5,928.2766990291261,0.6666666666666666,0,0,0,3,0,0,41.2,0,37.650000000000006
28150.0,35.9,2,6,7,Центральный,Чернышевская,12.0,косметический,нет,7,59.9466,30.2956,3.28,1989,35,0,0,1,0,1,0,1,2005,0,784.1225626740948,0.8571428571428571,0,0,1,2,1,0,71.8,0,39.36
78135.0,68.5,2,5,5,Адмиралтейский,Спортивная,3.9,без ремонта,частично,1,59.8951,30.2639,7.33,1973,51,1,0,1,0,0,0,5,1995,2,1140.6569343065694,1.0,0,0,1,2,0,1,137.0,0,28.587
39669.0,40.6,1,4,12,Приморский,Гостиный двор,9.2,косметический,нет,6,59.9776,30.1493,19.67,2008,16,0,0,0,0,1,1,1,2005,0,977.0689655172414,0.3333333333333333,0,0,0,2,1,0,40.6,0,180.964
58850.0,53.3,2,1,9,Московский,Московская,2.0,евроремонт,полностью,12,59.8867,30.2994,5.32,1997,27,1,0,1,0,1,0,2,2015,5,1104.127579737336,0.1111111111111111,0,0,0,3,0,1,106.6,0,10.64
33308.0,28.8,1,6,6,Адмиралтейский,Спортивная,3.5,косметический,полностью,3,59.9324,30.292,3.12,1956,68,1,1,0,0,1,0,5,2005,5,1156.5277777777778,1.0,0,0,1,3,0,0,28.8,0,10.92
58651.0,49.8,1,13,16,Московский,Комендантский проспект,4.3,евроремонт,частично,7,59.8881,30.319,4.65,1964,60,0,1,0,0,1,0,5,2015,2,1177.7309236947792,0.8125,0,0,1,2,1,0,49.8,0,19.995
49606.0,47.2,1,4,5,Центральный,Площадь Восстания,2.6,без ремонта,нет,6,59.9118,30.3326,2.46,1990,34,1,1,0,0,1,1,1,1995,0,1050.9745762711864,0.8,0,1,1,4,1,0,47.2,0,6.396
20000.0,32.4,2,12,16,Московский,Московская,6.8,без ремонта,частично,1,59.8728,30.3377,6.64,2012,12,1,0,1,0,0,1,2,1995,2,617.283950617284,0.75,1,0,1,3,0,1,64.8,0,45.151999999999994
34422.0,41.4,2,7,9,Приморский,Площадь Восстания,3.0,косметический,частично,10,59.9947,30.1664,18.5,2010,14,1,0,0,0,0,0,1,2005,2,831.4492753623189,0.7777777777777778,1,0,1,1,0,0,82.8,0,55.5
38481.0,35.9,1,8,9,Фрунзенский,Спортивная,5.5,евроремонт,частично,6,59.8307,30.398,14.01,2008,16,1,0,1,0,1,1,5,2015,2,1071.8941504178274,0.8888888888888888,0,0,1,4,1,0,35.9,0,77.05499999999999
34310.0,62.3,1,2,5,Фрунзенский,Ладожская,5.5,евроремонт,нет,11,59.8481,30.3756,10.99,1967,57,1,0,1,0,0,0,4,2015,0,550.7223113964687,0.4,0,0,0,2,0,0,62.3,0,60.445
40637.0,35.3,1,6,9,Петроградский,Проспект Ветеранов,2.0,косметический,частично,10,59.9459,30.2813,4.64,1983,41,1,0,0,0,0,0,1,2005,2,1151.1898016997168,0.6666666666666666,0,0,0,1,0,0,35.3,0,9.28
52338.0,75.3,1,2,5,Петроградский,Московская,4.2,без ремонта,частично,11,59.9699,30.2803,6.25,2019,5,1,0,1,0,1,0,2,1995,2,695.0597609561753,0.4,1,0,0,3,0,0,75.3,0,26.25
44882.0,50.4,2,2,5,Калининский,Гостиный двор,3.8,косметический,полностью,11,59.9829,30.4098,11.57,1972,52,1,0,1,0,1,1,1,2005,5,890.515873015873,0.4,0,0,0,4,0,0,100.8,0,43.966
23651.0,38.9,1,5,9,Василеостровский,Проспект Ветеранов,13.6,евроремонт,частично,1,59.937,30.2558,7.17,1978,46,1,0,1,0,1,0,1,2015,2,607.9948586118252,0.5555555555555556,0,0,0,3,0,1,38.9,0,97.512
20000.0,29.1,3,5,9,Московский,Чернышевская,12.1,без ремонта,частично,12,59.893,30.3214,4.11,1995,29,0,0,0,0,1,0,1,1995,2,687.2852233676975,0.5555555555555556,0,0,0,1,0,1,87.30000000000001,0,49.731
72293.0,64.8,2,9,9,Петроградский,Петроградская,14.8,без ремонта,частично,8,59.9629,30.2997,4.29,1999,25,1,1,0,0,0,0,2,1995,2,1115.6327160493827,1.0,0,0,1,2,1,0,129.6,0,63.492000000000004
42474.0,48.7,1,6,12,Приморский,Петроградская,3.0,без ремонта,частично,8,60.0119,30.1653,19.43,2005,19,0,0,1,0,1,0,2,1995,2,872.1560574948664,0.5,0,0,0,2,1,0,48.7,0,58.29
20000.0,41.1,1,3,5,Невский,Проспект Ветеранов,3.1,без ремонта,частично,4,59.9397,30.5006,20.08,1964,60,1,0,1,0,1,0,1,1995,2,486.61800486618006,0.6,0,0,0,3,0,0,41.1,0,62.248
44939.0,51.1,2,8,9,Приморский,Комендантский проспект,7.9,дизайнерский,нет,4,59.994,30.1363,21.59,2008,16,1,0,1,0,1,0,5,2020,0,879.4324853228962,0.8888888888888888,0,0,1,3,0,0,102.2,0,170.561
103172.0,44.0,3,6,7,Центральный,Чернышевская,7.3,дизайнерский,частично,11,59.9505,30.3327,2.68,2014,10,0,0,1,1,1,1,1,2020,2,2344.818181818182,0.8571428571428571,1,1,1,4,0,0,132.0,1,19.564
29031.0,22.9,1,1,5,Центральный,Чернышевская,7.0,косметический,частично,9,59.9056,30.3184,2.71,2022,2,1,0,1,0,1,0,1,2005,2,1267.7292576419215,0.2,1,1,0,3,0,0,22.9,1,18.97
116650.0,70.7,3,5,5,Адмиралтейский,Петроградская,1.2,евроремонт,частично,5,59.9369,30.2693,5.68,2015,9,1,0,1,0,1,0,2,2015,2,1649.92927864215,1.0,1,0,1,3,0,0,212.10000000000002,0,6.816
41460.0,47.7,1,1,5,Невский,Площадь Восстания,2.7,косметический,нет,6,59.9063,30.5097,21.22,1968,56,1,1,1,0,1,1,1,2005,0,869.1823899371069,0.2,0,0,0,5,1,0,47.7,0,57.294000000000004
106819.0,71.2,2,4,6,Адмиралтейский,Петроградская,4.2,косметический,частично,9,59.9067,30.2943,3.85,1901,123,1,0,1,0,0,1,2,2005,2,1500.2668539325841,0.6666666666666666,0,0,0,3,0,0,142.4,0,16.17
56373.0,33.9,1,4,5,Центральный,Невский проспект,3.9,косметический,частично,8,59.9285,30.3175,0.32,1903,121,1,0,0,0,0,0,2,2005,2,1662.9203539823009,0.8,0,1,1,1,1,0,33.9,0,1.248
35297.0,46.8,1,1,12,Невский,Невский проспект,2.0,косметический,полностью,9,59.9219,30.5151,21.68,1969,55,1,0,0,0,0,0,2,2005,5,754.2094017094017,0.08333333333333333,0,0,0,1,0,0,46.8,0,43.36
89973.0,60.6,2,6,6,Центральный,Невский проспект,2.0,косметический,полностью,5,59.9546,30.3016,3.42,1988,36,1,0,1,0,1,0,2,2005,5,1484.7029702970297,1.0,0,0,1,3,0,0,121.2,0,6.84
29400.0,60.4,2,9,9,Кировский,Ладожская,2.0,косметический,нет,1,59.8868,30.2276,11.33,1969,55,1,1,1,0,1,0,4,2005,0,486.75496688741725,1.0,0,0,1,4,0,1,120.8,0,22.66
72648.0,67.8,1,2,5,Центральный,Гостиный двор,8.8,без ремонта,частично,6,59.9384,30.3289,1.36,1982,42,1,1,1,0,0,0,1,1995,2,1071.5044247787612,0.4,0,1,0,3,1,0,67.8,0,11.968000000000002
23690.0,40.2,2,3,9,Калининский,Невский проспект,11.9,косметический,частично,10,60.0017,30.3821,10.53,1981,43,1,0,0,0,0,0,2,2005,2,589.3034825870647,0.3333333333333333,0,0,0,1,0,0,80.4,0,125.307
54420.0,42.5,3,9,9,Московский,Гостиный двор,3.4,евроремонт,полностью,7,59.8803,30.3344,5.74,1972,52,0,0,1,1,0,0,1,2015,5,1280.4705882352941,1.0,0,0,1,2,1,0,127.5,0,19.516000000000002
59201.0,62.6,2,7,9,Фрунзенский,Ладожская,2.0,евроремонт,полностью,3,59.8506,30.3633,10.04,1967,57,1,0,1,1,0,1,4,2015,5,945.702875399361,0.7777777777777778,0,0,1,4,0,0,125.2,0,20.08
20000.0,36.6,1,5,9,Петроградский,Площадь Восстания,20.0,без ремонта,нет,2,59.9716,30.3171,4.62,1970,54,0,0,1,0,0,0,1,1995,0,546.4480874316939,0.5555555555555556,0,0,0,1,0,1,36.6,0,92.4
42046.0,37.9,3,6,9,Московский,Петроградская,2.0,косметический,нет,10,59.9113,30.3157,2.13,1984,40,0,0,1,0,1,1,2,2005,0,1109.3931398416887,0.6666666666666666,0,1,0,3,0,0,113.69999999999999,0,4.26
20000.0,21.9,1,1,9,Приморский,Комендантский проспект,17.9,косметический,частично,3,60.0016,30.1334,22.18,1992,32,0,0,1,0,0,0,5,2005,2,913.2420091324201,0.1111111111111111,0,0,0,1,0,0,21.9,0,397.022
23762.0,46.3,1,1,9,Невский,Петроградская,2.0,косметический,частично,1,59.934,30.482,17.98,1961,63,1,1,1,0,0,0,2,2005,2,513.2181425485961,0.1111111111111111,0,0,0,3,0,1,46.3,0,35.96
52589.0,42.2,2,5,7,Центральный,Комендантский проспект,3.7,косметический,полностью,5,59.9322,30.3064,1.53,1943,81,1,0,1,0,0,0,5,2005,5,1246.1848341232226,0.7142857142857143,0,1,1,2,0,0,84.4,0,5.6610000000000005
39631.0,46.1,2,6,9,Московский,Московская,13.9,косметический,нет,8,59.8724,30.3181,6.39,2005,19,1,1,1,0,0,0,2,2005,0,859.6746203904555,0.6666666666666666,0,0,0,3,1,0,92.2,0,88.821
107356.0,65.4,3,4,12,Московский,Чернышевская,2.0,косметический,полностью,8,59.9053,30.3188,2.74,2014,10,1,0,0,0,0,0,1,2005,5,1641.5290519877674,0.3333333333333333,1,1,0,1,1,0,196.20000000000002,1,5.48
41197.0,60.1,2,2,12,Фрунзенский,Петроградская,8.3,косметический,частично,12,59.8488,30.3894,11.85,2011,13,1,0,1,0,1,1,2,2005,2,685.4742096505823,0.16666666666666666,1,0,0,4,0,1,120.2,0,98.355
27024.0,37.0,1,1,12,Калининский,Площадь Восстания,14.7,евроремонт,полностью,2,59.9785,30.3753,8.16,1978,46,1,1,1,1,0,1,1,2015,5,730.3783783783783,0.08333333333333333,0,0,0,5,0,1,37.0,0,119.952
30700.0,34.6,1,3,5,Фрунзенский,Гостиный двор,2.0,косметический,частично,8,59.8424,30.3605,10.71,1988,36,0,1,1,0,1,0,1,2005,2,887.2832369942196,0.6,0,0,0,3,1,0,34.6,0,21.42
41702.0,59.7,1,7,9,Невский,Проспект Ветеранов,2.7,евроремонт,частично,5,59.9515,30.4953,19.6,2022,2,0,0,1,0,0,0,1,2015,2,698.5259631490787,0.7777777777777778,1,0,1,1,0,0,59.7,0,52.92000000000001
21770.0,24.3,2,6,7,Адмиралтейский,Проспект Ветеранов,1.0,косметический,частично,4,59.9177,30.2961,2.99,2001,23,1,0,1,0,1,0,1,2005,2,895.8847736625514,0.8571428571428571,0,1,1,3,0,0,48.6,0,2.99
22135.0,34.6,1,11,12,Невский,Чернышевская,2.0,без ремонта,частично,6,59.9186,30.4951,19.48,1998,26,1,0,0,0,1,0,1,1995,2,639.7398843930636,0.9166666666666666,0,0,1,2,1,0,34.6,0,38.96
82310.0,81.6,1,4,5,Василеостровский,Петроградская,5.8,косметический,полностью,3,59.9201,30.243,8.62,2003,21,0,0,1,0,0,0,2,2005,5,1008.7009803921569,0.8,0,0,1,1,0,0,81.6,0,49.995999999999995
23548.0,44.0,1,7,9,Фрунзенский,Комендантский проспект,20.0,косметический,полностью,9,59.8377,30.3988,13.47,1960,64,0,0,1,0,1,0,5,2005,5,535.1818181818181,0.7777777777777778,0,0,1,2,0,0,44.0,0,269.40000000000003
62182.0,63.1,1,12,12,Петроградский,Гостиный двор,7.0,косметический,нет,9,59.9883,30.2988,6.88,2004,20,0,1,1,0,1,1,1,2005,0,985.4516640253565,1.0,0,0,1,4,0,0,63.1,0,48.16
23455.0,32.5,3,4,9,Калининский,Гостиный двор,5.0,косметический,частично,12,60.0089,30.4054,12.9,1977,47,0,0,1,0,0,0,1,2005,2,721.6923076923077,0.4444444444444444,0,0,0,1,0,1,97.5,0,64.5
39613.0,39.9,1,3,9,Приморский,Проспект Ветеранов,7.3,без ремонта,частично,8,60.0083,30.1662,19.16,1999,25,1,0,1,0,0,0,1,1995,2,992.8070175438597,0.3333333333333333,0,0,0,2,1,0,39.9,0,139.868
20000.0,20.0,2,9,9,Приморский,Проспект Ветеранов,14.4,косметический,нет,12,60.0232,30.151,21.43,2017,7,1,0,1,0,0,1,1,2005,0,1000.0,1.0,1,0,1,3,0,1,40.0,0,308.592
47483.0,53.9,1,5,5,Адмиралтейский,Ладожская,1.7,без ремонта,частично,4,59.9121,30.292,3.69,1981,43,1,0,0,0,1,0,4,1995,2,880.9461966604824,1.0,0,0,1,2,0,0,53.9,0,6.273
66407.0,63.9,2,3,5,Петроградский,Чернышевская,19.4,косметический,частично,7,59.9601,30.2783,5.71,1943,81,1,1,1,0,0,0,1,2005,2,1039.2331768388108,0.6,0,0,0,3,1,0,127.8,0,110.77399999999999
27411.0,45.4,1,11,12,Приморский,Чернышевская,3.0,без ремонта,нет,10,60.0231,30.1288,23.61,2015,9,1,0,1,0,0,0,1,1995,0,603.7665198237886,0.9166666666666666,1,0,1,2,0,0,45.4,0,70.83
43509.0,45.3,3,1,6,Адмиралтейский,Площадь Восстания,5.2,без ремонта,частично,10,59.9123,30.3009,2.9,2016,8,1,0,0,0,1,0,1,1995,2,960.4635761589404,0.16666666666666666,1,1,0,2,0,0,135.89999999999998,1,15.08
20558.0,42.7,3,5,9,Приморский,Проспект Ветеранов,14.3,косметический,частично,3,60.0231,30.156,20.93,2003,21,0,0,0,0,1,0,1,2005,2,481.4519906323185,0.5555555555555556,0,0,0,1,0,0,128.10000000000002,0,299.29900000000004
63660.0,38.6,3,8,9,Адмиралтейский,Чернышевская,1.0,косметический,частично,7,59.9306,30.3041,1.77,1936,88,0,0,1,0,0,1,1,2005,2,1649.222797927461,0.8888888888888888,0,1,1,2,1,0,115.80000000000001,0,1.77
40797.0,56.4,1,2,5,Фрунзенский,Спортивная,4.5,косметический,нет,11,59.8734,30.3746,8.74,2001,23,1,1,1,1,0,0,5,2005,0,723.3510638297872,0.4,0,0,0,4,0,0,56.4,0,39.33
58992.0,44.9,1,4,5,Центральный,Площадь Восстания,6.6,евроремонт,частично,11,59.9164,30.3267,1.68,2009,15,1,0,1,0,0,0,1,2015,2,1313.8530066815144,0.8,0,1,1,2,0,0,44.9,0,11.088
25970.0,23.1,3,6,9,Центральный,Петроградская,2.7,евроремонт,полностью,1,59.9249,30.341,2.4,1909,115,1,0,0,0,1,0,2,2015,5,1124.2424242424242,0.6666666666666666,0,1,0,2,0,1,69.30000000000001,0,6.48
20000.0,20.0,2,4,12,Василеостровский,Чернышевская,2.0,без ремонта,полностью,9,59.9201,30.2503,7.81,1970,54,0,0,0,0,1,0,1,1995,5,1000.0,0.3333333333333333,0,0,0,1,0,0,40.0,0,15.62
46052.0,74.8,2,3,16,Приморский,Ладожская,25.0,косметический,полностью,10,59.9822,30.1465,20.11,1994,30,1,1,1,0,0,0,4,2005,5,615.668449197861,0.1875,0,0,0,3,0,0,149.6,0,502.75
50196.0,32.1,2,3,6,Центральный,Комендантский проспект,2.5,евроремонт,полностью,4,59.9085,30.342,3.42,2016,8,1,0,1,0,1,0,5,2015,5,1563.7383177570093,0.5,1,0,0,3,0,0,64.2,0,8.55
28393.0,62.9,1,8,9,Невский,Комендантский проспект,10.2,косметический,нет,6,59.9195,30.5216,22.4,1968,56,0,0,0,0,0,1,5,2005,0,451.39904610492846,0.8888888888888888,0,0,1,1,1,0,62.9,0,228.47999999999996
59305.0,55.2,2,2,9,Невский,Петроградская,2.0,евроремонт,полностью,7,59.9498,30.5159,21.86,2017,7,1,1,0,0,1,0,2,2015,5,1074.3659420289855,0.2222222222222222,1,0,0,3,1,0,110.4,0,43.72
64556.0,68.5,1,10,12,Московский,Чернышевская,2.2,без ремонта,частично,4,59.9005,30.3034,3.76,2001,23,0,0,0,0,0,0,1,1995,2,942.4233576642335,0.8333333333333334,0,0,1,0,0,0,68.5,0,8.272
56728.0,66.9,2,8,9,Адмиралтейский,Ладожская,2.5,без ремонта,нет,9,59.903,30.264,6.9,1900,124,1,0,1,0,0,0,4,1995,0,847.9521674140508,0.8888888888888888,0,0,1,2,0,0,133.8,0,17.25
44572.0,53.1,1,3,12,Петроградский,Ладожская,5.6,косметический,нет,4,59.9509,30.3132,2.44,1986,38,0,1,0,0,1,0,4,2005,0,839.3973634651601,0.25,0,1,0,2,0,0,53.1,0,13.664
32240.0,44.1,1,9,12,Фрунзенский,Комендантский проспект,4.9,косметический,нет,3,59.8517,30.382,11.09,1996,28,1,1,1,0,1,0,5,2005,0,731.0657596371882,0.75,0,0,1,4,0,0,44.1,0,54.341
37471.0,40.5,2,2,9,Фрунзенский,Комендантский проспект,2.0,косметический,частично,7,59.8686,30.3886,10.22,1983,41,0,0,0,0,0,0,5,2005,2,925.2098765432099,0.2222222222222222,0,0,0,0,1,0,81.0,0,20.44
20000.0,30.0,1,1,5,Фрунзенский,Площадь Восстания,10.7,косметический,частично,5,59.8689,30.3853,9.92,1961,63,1,1,0,1,0,0,1,2005,2,666.6666666666666,0.2,0,0,0,3,0,0,30.0,0,106.14399999999999
20000.0,26.2,4,7,9,Калининский,Проспект Ветеранов,9.2,косметический,частично,10,59.9849,30.3959,10.4,1989,35,0,1,1,0,0,0,1,2005,2,763.3587786259542,0.7777777777777778,0,0,1,2,0,0,104.8,0,95.67999999999999
94753.0,50.8,2,1,6,Адмиралтейский,Петроградская,1.0,евроремонт,частично,8,59.9123,30.2749,5.38,1994,30,1,0,1,0,0,0,2,2015,2,1865.216535433071,0.16666666666666666,0,0,0,2,1,0,101.6,0,5.38
42211.0,50.9,1,9,9,Центральный,Московская,1.0,косметический,нет,3,59.9096,30.325,2.33,1971,53,0,1,0,0,0,1,2,2005,0,829.2927308447937,1.0,0,1,1,2,0,0,50.9,0,2.33
56248.0,57.8,2,4,5,Адмиралтейский,Спортивная,3.8,евроремонт,полностью,11,59.9423,30.2603,6.77,1958,66,1,0,0,0,0,0,5,2015,5,973.1487889273357,0.8,0,0,1,1,0,0,115.6,0,25.725999999999996
50910.0,66.5,1,1,5,Фрунзенский,Спортивная,3.6,евроремонт,нет,6,59.8521,30.402,12.55,1969,55,0,0,1,0,0,0,5,2015,0,765.5639097744361,0.2,0,0,0,1,1,0,66.5,0,45.18000000000001
34041.0,43.0,1,10,16,Московский,Чернышевская,7.8,евроремонт,нет,1,59.9148,30.3065,2.26,2019,5,1,0,0,0,0,0,1,2015,0,791.6511627906976,0.625,1,1,0,1,0,1,43.0,1,17.627999999999997
60532.0,41.4,1,2,9,Центральный,Гостиный двор,1.9,евроремонт,частично,4,59.9416,30.3253,1.42,1899,125,1,0,1,0,0,0,1,2015,2,1462.1256038647343,0.2222222222222222,0,1,0,2,0,0,41.4,0,2.698
77938.0,66.3,2,1,9,Приморский,Чернышевская,4.1,евроремонт,полностью,2,60.021,30.1542,20.99,2017,7,0,1,0,0,0,0,1,2015,5,1175.5354449472097,0.1111111111111111,1,0,0,1,0,1,132.6,0,86.05899999999998
25865.0,33.7,1,4,9,Фрунзенский,Гостиный двор,12.2,евроремонт,частично,4,59.8518,30.3622,9.87,1965,59,1,0,1,0,0,0,1,2015,2,767.507418397626,0.4444444444444444,0,0,0,2,0,0,33.7,0,120.41399999999999
43716.0,59.7,1,21,25,Московский,Спортивная,20.0,евроремонт,полностью,4,59.873,30.2985,6.76,2019,5,0,0,1,0,0,0,5,2015,5,732.2613065326633,0.84,1,0,1,1,0,0,59.7,0,135.2
71770.0,56.7,2,2,7,Адмиралтейский,Ладожская,1.0,дизайнерский,частично,10,59.9364,30.2945,2.92,1954,70,1,1,1,0,0,0,4,2020,2,1265.7848324514991,0.2857142857142857,0,1,0,3,0,0,113.4,0,2.92
29375.0,54.6,1,1,5,Невский,Невский проспект,3.0,косметический,нет,9,59.9479,30.5088,21.06,1962,62,1,0,1,0,0,0,2,2005,0,538.003663003663,0.2,0,0,0,2,0,0,54.6,0,63.17999999999999
48487.0,53.0,2,1,5,Адмиралтейский,Комендантский проспект,5.3,косметический,частично,1,59.932,30.2981,2.44,1987,37,1,0,1,0,1,0,5,2005,2,914.8490566037735,0.2,0,1,0,3,0,1,106.0,0,12.931999999999999
45911.0,49.7,2,3,5,Центральный,Проспект Ветеранов,1.2,евроремонт,частично,11,59.9173,30.2979,2.83,1984,40,0,0,1,0,0,0,1,2015,2,923.7625754527162,0.6,0,1,0,1,0,0,99.4,0,3.396
20000.0,20.0,2,1,9,Фрунзенский,Проспект Ветеранов,6.0,косметический,нет,1,59.8352,30.3714,11.97,1998,26,0,0,1,0,1,0,1,2005,0,1000.0,0.1111111111111111,0,0,0,2,0,1,40.0,0,71.82000000000001
25873.0,45.2,1,1,9,Калининский,Невский проспект,19.5,косметический,частично,10,60.0226,30.4138,14.63,1972,52,0,1,0,0,1,0,2,2005,2,572.4115044247787,0.1111111111111111,0,0,0,2,0,0,45.2,0,285.285
34801.0,47.0,2,3,9,Невский,Петроградская,12.0,евроремонт,частично,5,59.9193,30.5016,20.19,2010,14,1,0,0,0,0,0,2,2015,2,740.4468085106383,0.3333333333333333,1,0,0,1,0,0,94.0,0,242.28000000000003
20000.0,31.5,1,8,9,Московский,Чернышевская,20.0,косметический,полностью,4,59.9134,30.2983,3.03,1961,63,1,0,1,0,0,0,1,2005,5,634.9206349206349,0.8888888888888888,0,0,1,2,0,0,31.5,0,60.599999999999994
54354.0,54.3,1,3,5,Петроградский,Московская,2.0,евроремонт,нет,11,59.9803,30.2937,6.3,1940,84,0,0,1,0,0,0,2,2015,0,1000.9944751381216,0.6,0,0,0,1,0,0,54.3,0,12.6
28528.0,33.6,1,1,6,Центральный,Ладожская,4.5,евроремонт,частично,12,59.9342,30.3341,1.63,1953,71,0,0,1,0,0,0,4,2015,2,849.047619047619,0.16666666666666666,0,1,0,1,0,1,33.6,0,7.334999999999999
52322.0,51.9,3,4,9,Калининский,Спортивная,3.7,евроремонт,частично,8,60.0176,30.4021,13.33,1982,42,1,0,0,0,0,0,5,2015,2,1008.1310211946051,0.4444444444444444,0,0,0,1,1,0,155.7,0,49.321000000000005
66882.0,57.8,2,2,5,Адмиралтейский,Ладожская,4.3,косметический,частично,9,59.9017,30.2772,5.7,2001,23,1,0,1,0,1,0,4,2005,2,1157.128027681661,0.4,0,0,0,3,0,0,115.6,0,24.509999999999998
91211.0,53.3,1,2,5,Адмиралтейский,Ладожская,1.2,евроремонт,полностью,7,59.9089,30.2877,4.28,2008,16,1,1,1,0,0,0,4,2015,5,1711.2757973733585,0.4,0,0,0,3,1,0,53.3,0,5.136
67627.0,42.2,1,15,16,Московский,Гостиный двор,10.7,евроремонт,полностью,8,59.8929,30.2969,4.85,1994,30,0,0,1,0,1,0,1,2015,5,1602.5355450236966,0.9375,0,0,1,2,1,0,42.2,0,51.894999999999996
21023.0,34.2,1,6,12,Калининский,Спортивная,3.0,косметический,нет,1,59.9797,30.4249,12.89,1996,28,1,1,0,0,1,0,5,2005,0,614.7076023391812,0.5,0,0,0,3,0,1,34.2,0,38.67
53838.0,41.5,1,1,9,Центральный,Спортивная,3.3,косметический,частично,3,59.9431,30.2969,2.94,1985,39,0,0,1,0,0,0,5,2005,2,1297.301204819277,0.1111111111111111,0,1,0,1,0,0,41.5,0,9.702
61455.0,37.6,1,3,6,Адмиралтейский,Комендантский проспект,4.0,дизайнерский,полностью,4,59.9415,30.2721,5.47,1904,120,1,1,0,0,1,0,5,2020,5,1634.441489361702,0.5,0,0,0,3,0,0,37.6,0,21.88
55397.0,54.8,2,8,12,Петроградский,Комендантский проспект,2.0,косметический,частично,3,59.9921,30.2834,8.0,1934,90,1,0,1,0,0,0,5,2005,2,1010.8941605839417,0.6666666666666666,0,0,0,2,0,0,109.6,0,16.0
53571.0,64.2,1,1,6,Центральный,Московская,4.6,косметический,частично,12,59.9469,30.3035,2.62,1922,102,1,0,1,0,1,0,2,2005,2,834.4392523364486,0.16666666666666666,0,1,0,3,0,1,64.2,0,12.052
58563.0,51.6,3,2,16,Приморский,Площадь Восстания,3.0,евроремонт,нет,10,60.0211,30.1542,21.0,2011,13,0,0,1,0,0,0,1,2015,0,1134.9418604651162,0.125,1,0,0,1,0,0,154.8,0,63.0
74919.0,48.9,3,5,5,Фрунзенский,Комендантский проспект,11.3,дизайнерский,нет,10,59.8738,30.3892,9.89,1978,46,0,1,1,0,1,0,5,2020,0,1532.0858895705521,1.0,0,0,1,3,0,0,146.7,0,111.75700000000002
26672.0,37.3,4,3,12,Невский,Ладожская,2.0,косметический,нет,8,59.9326,30.5145,21.59,2003,21,0,0,0,0,0,1,4,2005,0,715.0670241286864,0.25,0,0,0,1,1,0,149.2,0,43.18
37938.0,41.4,4,8,12,Калининский,Площадь Восстания,3.0,косметический,частично,4,59.9754,30.3828,8.6,1979,45,0,0,1,0,0,0,1,2005,2,916.3768115942029,0.6666666666666666,0,0,0,1,0,0,165.6,0,25.799999999999997
57499.0,58.2,1,3,6,Центральный,Комендантский проспект,2.6,косметический,нет,3,59.9332,30.3352,1.72,1979,45,1,0,1,0,0,0,5,2005,0,987.955326460481,0.5,0,1,0,2,0,0,58.2,0,4.472
20196.0,43.5,1,2,5,Кировский,Проспект Ветеранов,9.0,косметический,полностью,1,59.8691,30.2432,10.88,2017,7,0,0,0,1,0,1,1,2005,5,464.2758620689655,0.4,1,0,0,2,0,1,43.5,0,97.92
22123.0,40.8,1,15,16,Приморский,Ладожская,3.0,без ремонта,частично,11,60.003,30.1594,19.59,2007,17,0,0,1,0,0,0,4,1995,2,542.2303921568628,0.9375,0,0,1,1,0,0,40.8,0,58.769999999999996
39105.0,40.5,3,1,6,Адмиралтейский,Проспект Ветеранов,1.0,евроремонт,частично,11,59.9206,30.2985,2.6,1938,86,1,0,1,0,0,0,1,2015,2,965.5555555555555,0.16666666666666666,0,1,0,2,0,0,121.5,0,2.6
20000.0,31.4,1,5,5,Невский,Чернышевская,10.8,евроремонт,частично,11,59.9338,30.5029,20.31,2001,23,1,0,0,0,0,1,1,2015,2,636.9426751592357,1.0,0,0,1,2,0,0,31.4,0,219.348
36409.0,69.4,1,5,5,Кировский,Проспект Ветеранов,9.8,евроремонт,полностью,4,59.8987,30.2375,9.8,1962,62,1,0,1,0,1,0,1,2015,5,524.6253602305475,1.0,0,0,1,3,0,0,69.4,0,96.04000000000002
31518.0,24.3,1,7,9,Адмиралтейский,Спортивная,6.2,косметический,частично,9,59.9096,30.2654,6.47,1982,42,0,1,1,0,1,1,5,2005,2,1297.037037037037,0.7777777777777778,0,0,1,4,0,0,24.3,0,40.114
45768.0,54.1,2,2,12,Фрунзенский,Комендантский проспект,10.1,косметический,частично,4,59.8449,30.3964,12.69,2017,7,1,0,0,0,1,0,5,2005,2,845.988909426987,0.16666666666666666,1,0,0,2,0,0,108.2,0,128.16899999999998
31633.0,49.6,1,1,12,Невский,Чернышевская,2.9,евроремонт,нет,9,59.9448,30.5127,21.45,1981,43,1,1,1,0,0,0,1,2015,0,637.7620967741935,0.08333333333333333,0,0,0,3,0,0,49.6,0,62.205
117564.0,52.3,2,3,5,Адмиралтейский,Спортивная,4.5,евроремонт,полностью,6,59.9276,30.2655,6.05,1990,34,1,0,1,0,0,0,5,2015,5,2247.8776290630976,0.6,0,0,0,2,1,0,104.6,0,27.224999999999998
20000.0,34.5,1,3,9,Кировский,Проспект Ветеранов,7.9,косметический,частично,5,59.8869,30.2549,8.67,2007,17,0,1,1,1,0,0,1,2005,2,579.7101449275362,0.3333333333333333,0,0,0,3,0,0,34.5,0,68.49300000000001
21147.0,59.3,1,1,5,Кировский,Петроградская,2.6,без ремонта,частично,12,59.8903,30.2561,8.35,1952,72,1,0,1,0,0,1,2,1995,2,356.61045531197306,0.2,0,0,0,3,0,1,59.3,0,21.71
41669.0,54.6,1,4,5,Центральный,Чернышевская,9.8,косметический,частично,10,59.9186,30.3121,1.54,1972,52,1,0,1,1,0,0,1,2005,2,763.1684981684981,0.8,0,1,1,3,0,0,54.6,0,15.092000000000002
54254.0,57.8,1,3,5,Петроградский,Чернышевская,7.6,евроремонт,полностью,2,59.9478,30.2753,5.34,1995,29,0,0,1,1,1,1,1,2015,5,938.6505190311419,0.6,0,0,0,4,0,1,57.8,0,40.583999999999996
36135.0,37.5,1,6,16,Московский,Московская,2.4,евроремонт,нет,9,59.8737,30.3193,6.25,1984,40,1,0,1,0,0,0,2,2015,0,963.6,0.375,0,0,0,2,0,0,37.5,0,15.0
39098.0,29.9,3,4,9,Петроградский,Петроградская,5.9,косметический,частично,10,59.9741,30.2803,6.58,1992,32,1,0,1,0,0,0,2,2005,2,1307.6254180602007,0.4444444444444444,0,0,0,2,0,0,89.69999999999999,0,38.822
25543.0,28.0,1,1,5,Кировский,Площадь Восстания,2.0,евроремонт,нет,7,59.8998,30.2642,7.05,1999,25,1,0,1,0,0,0,1,2015,0,912.25,0.2,0,0,0,2,1,0,28.0,0,14.1
28932.0,53.7,3,9,12,Невский,Площадь Восстания,3.0,без ремонта,нет,1,59.9066,30.5141,21.7,1966,58,1,1,1,0,0,0,1,1995,0,538.7709497206704,0.75,0,0,1,3,0,1,161.10000000000002,0,65.1
31123.0,52.3,1,6,12,Невский,Невский проспект,2.8,без ремонта,полностью,6,59.9498,30.5147,21.72,1969,55,1,1,0,0,1,0,2,1995,5,595.0860420650096,0.5,0,0,0,3,1,0,52.3,0,60.815999999999995
20000.0,41.0,2,5,9,Калининский,Комендантский проспект,25.0,косметический,частично,5,59.9852,30.3758,8.72,2018,6,0,1,1,0,1,0,5,2005,2,487.8048780487805,0.5555555555555556,1,0,0,3,0,0,82.0,0,218.00000000000003
20000.0,22.0,3,4,5,Невский,Петроградская,2.0,косметический,частично,10,59.9108,30.5056,20.72,1962,62,0,0,1,0,0,1,2,2005,2,909.0909090909091,0.8,0,0,1,2,0,0,66.0,0,41.44
39999.0,63.0,1,4,5,Адмиралтейский,Комендантский проспект,1.0,косметический,частично,12,59.9157,30.2888,3.81,1946,78,0,0,1,0,0,0,5,2005,2,634.9047619047619,0.8,0,0,1,1,0,1,63.0,0,3.81
44645.0,40.7,3,2,5,Адмиралтейский,Петроградская,1.9,косметический,частично,10,59.9393,30.3017,2.28,1960,64,0,1,1,1,0,0,2,2005,2,1096.928746928747,0.4,0,1,0,3,0,0,122.10000000000001,0,4.332
20000.0,20.0,3,2,5,Фрунзенский,Ладожская,4.9,евроремонт,частично,9,59.8369,30.3604,11.27,2011,13,1,0,0,0,0,0,4,2015,2,1000.0,0.4,1,0,0,1,0,0,60.0,0,55.223
53144.0,43.6,2,6,9,Петроградский,Проспект Ветеранов,10.7,косметический,полностью,9,59.967,30.2816,5.92,1980,44,1,0,0,0,0,0,1,2005,5,1218.8990825688072,0.6666666666666666,0,0,0,1,0,0,87.2,0,63.343999999999994
70993.0,61.3,1,3,5,Василеостровский,Московская,5.5,евроремонт,нет,8,59.9594,30.246,8.84,1999,25,0,0,0,0,1,0,2,2015,0,1158.1239804241436,0.6,0,0,0,1,1,0,61.3,0,48.62
30542.0,42.1,1,4,6,Центральный,Комендантский проспект,7.2,косметический,частично,2,59.9218,30.2988,2.52,2014,10,0,0,1,0,1,0,5,2005,2,725.4631828978622,0.6666666666666666,1,1,0,2,0,1,42.1,1,18.144000000000002
27824.0,43.4,1,5,12,Приморский,Чернышевская,15.5,косметический,частично,6,60.0116,30.1723,18.72,2001,23,0,1,0,0,0,0,1,2005,2,641.1059907834101,0.4166666666666667,0,0,0,1,1,0,43.4,0,290.15999999999997
26710.0,52.1,1,1,9,Приморский,Московская,17.0,без ремонта,нет,6,59.9861,30.1409,20.83,1994,30,0,1,0,0,1,0,2,1995,0,512.6679462571976,0.1111111111111111,0,0,0,2,1,0,52.1,0,354.10999999999996
30603.0,33.4,1,3,12,Приморский,Московская,3.0,евроремонт,полностью,4,59.9992,30.1597,19.38,2010,14,0,1,0,0,0,0,2,2015,5,916.2574850299402,0.25,1,0,0,1,0,0,33.4,0,58.14
20000.0,30.2,1,3,9,Невский,Проспект Ветеранов,2.1,косметический,частично,9,59.9399,30.4847,18.31,1991,33,1,0,1,1,0,0,1,2005,2,662.2516556291391,0.3333333333333333,0,0,0,3,0,0,30.2,0,38.451
20374.0,37.5,2,4,9,Невский,Ладожская,9.4,без ремонта,нет,12,59.9103,30.4773,17.59,2006,18,1,0,1,0,1,0,4,1995,0,543.3066666666666,0.4444444444444444,0,0,0,3,0,1,75.0,0,165.346
27986.0,40.8,2,12,12,Московский,Ладожская,19.1,косметический,нет,5,59.8983,30.32,3.52,2012,12,1,1,1,0,0,0,4,2005,0,685.9313725490197,1.0,1,0,1,3,0,0,81.6,0,67.232
28008.0,34.1,1,2,5,Невский,Петроградская,2.7,евроремонт,полностью,1,59.9194,30.4797,17.76,2011,13,1,0,0,0,0,1,2,2015,5,821.348973607038,0.4,1,0,0,2,0,1,34.1,0,47.952000000000005
26808.0,58.8,1,5,5,Фрунзенский,Комендантский проспект,7.4,без ремонта,частично,11,59.8581,30.3876,10.96,1965,59,0,0,0,0,0,1,5,1995,2,455.9183673469388,1.0,0,0,1,1,0,0,58.8,0,81.10400000000001
31009.0,20.0,3,9,9,Петроградский,Московская,4.6,косметический,частично,8,59.9761,30.3153,5.15,1971,53,0,0,0,0,0,0,2,2005,2,1550.45,1.0,0,0,1,0,1,0,60.0,0,23.69
74336.0,63.8,2,5,5,Адмиралтейский,Гостиный двор,1.0,евроремонт,частично,8,59.8985,30.2595,7.57,1933,91,1,0,1,0,0,0,1,2015,2,1165.1410658307211,1.0,0,0,1,2,1,0,127.6,0,7.57
30071.0,58.1,2,7,12,Приморский,Комендантский проспект,10.8,косметический,нет,12,59.9751,30.1386,20.75,2003,21,1,1,1,0,0,1,5,2005,0,517.5731497418244,0.5833333333333334,0,0,0,4,0,1,116.2,0,224.10000000000002
20000.0,31.8,1,2,12,Невский,Ладожская,9.1,без ремонта,нет,3,59.9209,30.5197,22.19,1983,41,0,0,1,1,1,1,4,1995,0,628.9308176100628,0.16666666666666666,0,0,0,4,0,0,31.8,0,201.929
33588.0,47.0,3,6,12,Приморский,Гостиный двор,9.3,косметический,нет,4,60.0156,30.1442,21.7,2016,8,1,0,1,0,0,0,1,2005,0,714.6382978723404,0.5,1,0,0,2,0,0,141.0,0,201.81
44045.0,43.6,1,2,12,Московский,Петроградская,3.2,косметический,нет,4,59.8986,30.3291,3.63,2004,20,0,0,0,0,1,0,2,2005,0,1010.2064220183486,0.16666666666666666,0,0,0,1,0,0,43.6,0,11.616
20000.0,50.4,1,9,9,Калининский,Комендантский проспект,15.9,без ремонта,нет,10,59.9892,30.3972,10.8,2012,12,1,1,1,0,0,0,5,1995,0,396.8253968253968,1.0,1,0,1,3,0,0,50.4,0,171.72000000000003
31981.0,58.8,2,7,12,Невский,Проспект Ветеранов,5.2,косметический,частично,6,59.9167,30.5069,20.8,1962,62,1,1,1,0,0,0,1,2005,2,543.8945578231293,0.5833333333333334,0,0,0,3,1,0,117.6,0,108.16000000000001
76181.0,47.0,3,4,9,Центральный,Петроградская,9.7,евроремонт,полностью,9,59.9145,30.3301,2.05,1935,89,0,0,1,1,0,0,2,2015,5,1620.872340425532,0.4444444444444444,0,1,0,2,0,0,141.0,0,19.884999999999998
55939.0,54.4,2,1,5,Петроградский,Чернышевская,3.3,косметический,частично,3,59.9575,30.281,5.3,1998,26,0,0,1,1,1,0,1,2005,2,1028.2904411764707,0.2,0,0,0,3,0,0,108.8,0,17.49
20000.0,20.0,1,5,9,Невский,Проспект Ветеранов,4.3,евроремонт,частично,2,59.9271,30.5074,20.81,1994,30,0,0,0,0,0,0,1,2015,2,1000.0,0.5555555555555556,0,0,0,0,0,1,20.0,0,89.48299999999999
25793.0,30.0,3,4,5,Петроградский,Проспект Ветеранов,2.0,без ремонта,частично,3,59.9531,30.3117,2.73,1970,54,1,0,0,0,0,0,1,1995,2,859.7666666666667,0.8,0,1,1,1,0,0,90.0,0,5.46
20000.0,29.6,2,9,9,Фрунзенский,Петроградская,2.0,косметический,нет,10,59.8448,30.3698,10.95,2000,24,1,1,0,0,1,0,2,2005,0,675.6756756756756,1.0,0,0,1,3,0,0,59.2,0,21.9
104478.0,60.4,3,5,5,Петроградский,Ладожская,2.8,евроремонт,нет,6,59.9512,30.3188,2.36,1975,49,0,1,1,0,0,1,4,2015,0,1729.76821192053,1.0,0,1,1,3,1,0,181.2,0,6.608
32677.0,37.7,2,12,12,Петроградский,Комендантский проспект,4.1,без ремонта,нет,2,59.9857,30.289,7.08,2021,3,0,0,1,0,1,0,5,1995,0,866.7639257294429,1.0,1,0,1,2,0,1,75.4,0,29.028
23295.0,40.6,1,2,12,Невский,Площадь Восстания,5.7,косметический,частично,5,59.9182,30.5002,20.04,1965,59,1,1,1,0,0,1,1,2005,2,573.7684729064039,0.16666666666666666,0,0,0,4,0,0,40.6,0,114.228
54792.0,53.7,2,1,6,Адмиралтейский,Комендантский проспект,3.7,косметический,полностью,11,59.8961,30.296,4.62,1941,83,1,0,1,0,1,1,5,2005,5,1020.3351955307262,0.16666666666666666,0,0,0,4,0,0,107.4,0,17.094
41633.0,39.2,1,6,9,Московский,Площадь Восстания,2.2,косметический,нет,3,59.8906,30.3192,4.38,1989,35,0,0,1,0,1,0,1,2005,0,1062.066326530612,0.6666666666666666,0,0,0,2,0,0,39.2,0,9.636000000000001
82851.0,73.5,3,25,25,Приморский,Гостиный двор,3.0,косметический,частично,10,60.0209,30.1639,20.05,2013,11,1,0,1,1,1,0,1,2005,2,1127.2244897959183,1.0,1,0,1,4,0,0,220.5,0,60.150000000000006
20000.0,20.4,1,9,9,Кировский,Гостиный двор,7.8,косметический,частично,9,59.8621,30.2441,11.3,1997,27,1,1,1,0,1,0,1,2005,2,980.3921568627452,1.0,0,0,1,4,0,0,20.4,0,88.14
46912.0,52.6,2,5,5,Петроградский,Гостиный двор,11.2,косметический,нет,12,59.9535,30.2775,5.38,1971,53,1,0,0,0,1,0,1,2005,0,891.8631178707224,1.0,0,0,1,2,0,1,105.2,0,60.25599999999999
60583.0,52.5,2,3,5,Адмиралтейский,Площадь Восстания,6.4,евроремонт,частично,12,59.932,30.2856,3.82,1917,107,1,0,0,0,0,0,1,2015,2,1153.9619047619049,0.6,0,0,0,1,0,1,105.0,0,24.448
49022.0,52.1,3,2,6,Центральный,Проспект Ветеранов,2.1,без ремонта,частично,3,59.9376,30.318,0.87,1943,81,1,0,1,0,0,0,1,1995,2,940.9213051823416,0.3333333333333333,0,1,0,2,0,0,156.3,0,1.827
30840.0,36.3,2,11,12,Приморский,Комендантский проспект,6.4,косметический,нет,8,59.9925,30.1372,21.44,2012,12,1,0,1,0,0,0,5,2005,0,849.5867768595042,0.9166666666666666,1,0,1,2,1,0,72.6,0,137.216
31612.0,42.6,2,9,9,Приморский,Комендантский проспект,13.3,косметический,частично,6,60.0122,30.1456,21.4,2002,22,0,0,1,0,1,0,5,2005,2,742.0657276995305,1.0,0,0,1,2,1,0,85.2,0,284.62
28004.0,20.0,2,3,6,Центральный,Площадь Восстания,1.0,косметический,нет,3,59.9137,30.3186,1.81,2018,6,1,0,1,0,0,0,1,2005,0,1400.2,0.5,1,1,0,2,0,0,40.0,1,1.81
41725.0,61.1,3,3,16,Приморский,Чернышевская,8.5,без ремонта,нет,8,60.0056,30.1398,21.69,2008,16,0,0,0,0,0,1,1,1995,0,682.8968903436988,0.1875,0,0,0,1,1,0,183.3,0,184.365
42193.0,21.7,2,2,5,Центральный,Гостиный двор,1.3,косметический,частично,4,59.9436,30.3307,1.93,2021,3,1,0,1,0,0,0,1,2005,2,1944.3778801843318,0.4,1,1,0,2,0,0,43.4,1,2.509
93655.0,54.1,3,4,5,Центральный,Гостиный двор,8.7,евроремонт,полностью,10,59.9404,30.3281,1.46,1998,26,1,1,1,0,0,0,1,2015,5,1731.1460258780037,0.8,0,1,1,3,0,0,162.3,0,12.701999999999998
70279.0,39.1,1,4,9,Центральный,Спортивная,9.7,евроремонт,частично,8,59.93,30.3287,0.97,1978,46,1,0,1,0,1,1,5,2015,2,1797.4168797953964,0.4444444444444444,0,1,0,4,1,0,39.1,0,9.408999999999999
49703.0,52.2,1,5,12,Московский,Гостиный двор,2.8,без ремонта,полностью,10,59.9033,30.3296,3.15,1986,38,0,1,0,0,1,0,1,1995,5,952.1647509578544,0.4166666666666667,0,0,0,2,0,0,52.2,0,8.819999999999999
28759.0,34.7,2,3,5,Калининский,Площадь Восстания,17.4,евроремонт,полностью,7,59.9753,30.4012,10.32,1984,40,1,0,1,0,1,0,1,2015,5,828.7896253602305,0.6,0,0,0,3,1,0,69.4,0,179.56799999999998
48782.0,65.7,1,6,12,Калининский,Московская,6.6,косметический,полностью,11,59.9805,30.3874,9.35,1986,38,0,0,1,0,1,1,2,2005,5,742.4961948249619,0.5,0,0,0,3,0,0,65.7,0,61.709999999999994
44519.0,39.1,2,2,5,Адмиралтейский,Петроградская,12.0,косметический,нет,11,59.8982,30.2639,7.16,1990,34,0,1,1,0,0,0,2,2005,0,1138.5933503836316,0.4,0,0,0,2,0,0,78.2,0,85.92
79687.0,50.1,2,8,9,Кировский,Петроградская,2.0,евроремонт,полностью,6,59.8889,30.2376,10.22,2009,15,1,0,1,0,1,0,2,2015,5,1590.558882235529,0.8888888888888888,0,0,1,3,1,0,100.2,0,20.44
35681.0,66.9,1,16,16,Московский,Петроградская,12.8,косметический,нет,2,59.9065,30.3305,2.86,1960,64,1,0,1,0,0,0,2,2005,0,533.3482810164425,1.0,0,1,1,2,0,1,66.9,0,36.608
49687.0,47.8,2,5,5,Петроградский,Московская,5.5,без ремонта,частично,9,59.9599,30.3138,3.39,1970,54,0,0,1,0,1,0,2,1995,2,1039.4769874476988,1.0,0,0,1,2,0,0,95.6,0,18.645
30634.0,34.9,1,9,12,Московский,Комендантский проспект,3.7,без ремонта,полностью,10,59.8948,30.3158,3.94,1991,33,0,1,1,1,1,1,5,1995,5,877.7650429799427,0.75,0,0,1,5,0,0,34.9,0,14.578000000000001
20028.0,34.8,1,6,9,Василеостровский,Комендантский проспект,17.7,косметический,частично,9,59.9306,30.2673,5.85,1945,79,0,0,1,0,1,1,5,2005,2,575.5172413793103,0.6666666666666666,0,0,0,3,0,0,34.8,0,103.54499999999999
27003.0,34.3,1,1,7,Центральный,Московская,2.9,без ремонта,частично,1,59.9166,30.3303,1.88,1987,37,0,0,1,0,1,0,2,1995,2,787.259475218659,0.14285714285714285,0,1,0,2,0,1,34.3,0,5.452
33735.0,38.2,2,7,9,Петроградский,Гостиный двор,14.1,без ремонта,частично,4,59.9858,30.3189,6.19,1960,64,1,1,1,0,0,0,1,1995,2,883.1151832460732,0.7777777777777778,0,0,1,3,0,0,76.4,0,87.279
34523.0,32.8,2,11,12,Кировский,Чернышевская,2.0,дизайнерский,нет,6,59.8684,30.2517,10.21,1981,43,1,0,1,1,1,0,1,2020,0,1052.5304878048782,0.9166666666666666,0,0,1,4,1,0,65.6,0,20.42
20000.0,33.2,1,1,5,Центральный,Проспект Ветеранов,12.0,евроремонт,частично,1,59.9196,30.3159,1.25,1918,106,1,1,1,0,0,0,1,2015,2,602.4096385542168,0.2,0,1,0,3,0,1,33.2,0,15.0
24902.0,52.0,1,4,5,Фрунзенский,Невский проспект,12.1,без ремонта,полностью,11,59.826,30.393,14.1,1965,59,0,0,1,0,1,0,2,1995,5,478.88461538461536,0.8,0,0,1,2,0,0,52.0,0,170.60999999999999
20000.0,28.5,1,4,5,Адмиралтейский,Чернышевская,6.5,без ремонта,частично,2,59.9417,30.3005,2.53,1976,48,1,0,0,0,0,0,1,1995,2,701.7543859649123,0.8,0,1,1,1,0,1,28.5,0,16.445
74827.0,52.3,1,6,9,Петроградский,Невский проспект,2.0,косметический,полностью,6,59.9777,30.2956,5.95,2022,2,1,0,0,0,0,0,2,2005,5,1430.7265774378586,0.6666666666666666,1,0,0,1,1,0,52.3,0,11.9
32728.0,43.1,1,2,25,Московский,Ладожская,6.8,евроремонт,частично,3,59.9032,30.3004,3.69,1985,39,0,1,1,0,1,1,4,2015,2,759.3503480278422,0.08,0,0,0,4,0,0,43.1,0,25.092
67815.0,62.7,1,2,5,Петроградский,Московская,5.6,косметический,полностью,10,59.9524,30.3048,3.01,1926,98,1,0,0,0,1,0,2,2005,5,1081.578947368421,0.4,0,0,0,2,0,0,62.7,0,16.855999999999998
27972.0,55.4,2,2,9,Калининский,Гостиный двор,21.5,без ремонта,частично,10,59.9986,30.3939,11.2,1984,40,1,0,0,0,0,0,1,1995,2,504.9097472924188,0.2222222222222222,0,0,0,1,0,0,110.8,0,240.79999999999998
52379.0,35.9,1,1,5,Центральный,Чернышевская,1.1,косметический,полностью,5,59.9166,30.3374,2.44,1993,31,1,0,0,0,0,0,1,2005,5,1459.025069637883,0.2,0,1,0,1,0,0,35.9,0,2.684
42601.0,54.4,1,1,9,Московский,Комендантский проспект,6.4,косметический,полностью,4,59.8748,30.3033,6.4,1960,64,1,0,1,0,1,0,5,2005,5,783.1066176470589,0.1111111111111111,0,0,0,3,0,0,54.4,0,40.96000000000001
26957.0,41.4,1,9,12,Калининский,Невский проспект,5.9,без ремонта,полностью,3,60.0096,30.3881,11.62,2022,2,1,0,1,1,0,0,2,1995,5,651.1352657004832,0.75,1,0,1,3,0,0,41.4,0,68.55799999999999
44101.0,53.7,1,3,16,Московский,Проспект Ветеранов,6.8,косметический,нет,6,59.9143,30.3346,2.38,2015,9,0,0,1,0,1,0,1,2005,0,821.2476722532588,0.1875,1,1,0,2,1,0,53.7,1,16.183999999999997
40840.0,36.7,2,7,9,Петроградский,Спортивная,6.4,евроремонт,частично,3,59.9825,30.3023,6.15,1942,82,0,0,1,0,0,0,5,2015,2,1112.8065395095366,0.7777777777777778,0,0,1,1,0,0,73.4,0,39.36000000000001
24061.0,20.0,3,8,16,Приморский,Комендантский проспект,3.0,без ремонта,частично,7,60.009,30.1583,19.97,1991,33,1,0,1,0,0,0,5,1995,2,1203.05,0.5,0,0,0,2,1,0,60.0,0,59.91
29049.0,55.1,2,3,12,Калининский,Проспект Ветеранов,6.9,без ремонта,частично,11,59.9921,30.4074,11.9,2005,19,1,0,1,0,1,0,1,1995,2,527.2050816696915,0.25,0,0,0,3,0,0,110.2,0,82.11000000000001
20000.0,36.3,2,5,9,Приморский,Комендантский проспект,3.0,без ремонта,частично,5,59.9794,30.1638,18.18,1992,32,1,0,0,0,1,0,5,1995,2,550.9641873278238,0.5555555555555556,0,0,0,2,0,0,72.6,0,54.54
50829.0,52.6,3,2,5,Калининский,Гостиный двор,3.0,без ремонта,частично,3,60.0215,30.4014,13.59,1986,38,0,0,1,0,1,0,1,1995,2,966.3307984790874,0.4,0,0,0,2,0,0,157.8,0,40.769999999999996
43025.0,60.2,3,1,9,Приморский,Петроградская,6.7,косметический,частично,11,60.0111,30.1342,22.5,2001,23,0,0,0,0,1,1,2,2005,2,714.7009966777408,0.1111111111111111,0,0,0,2,0,0,180.60000000000002,0,150.75
42282.0,57.5,1,2,16,Приморский,Гостиный двор,3.0,евроремонт,частично,1,59.9888,30.1529,19.66,2009,15,1,0,0,0,0,0,1,2015,2,735.3391304347826,0.125,0,0,0,1,0,1,57.5,0,58.980000000000004
24263.0,47.1,1,1,5,Невский,Петроградская,2.0,косметический,нет,9,59.9362,30.4782,17.57,1977,47,1,0,1,0,0,0,2,2005,0,515.1380042462845,0.2,0,0,0,2,0,0,47.1,0,35.14
23214.0,37.7,1,16,16,Приморский,Ладожская,3.0,без ремонта,нет,8,60.0241,30.1483,21.73,2012,12,1,0,0,1,1,0,4,1995,0,615.7559681697612,1.0,1,0,1,3,1,0,37.7,0,65.19
36315.0,41.1,1,13,16,Приморский,Площадь Восстания,9.6,косметический,нет,4,60.0035,30.1416,21.42,2019,5,0,0,1,0,1,0,1,2005,0,883.5766423357663,0.8125,1,0,1,2,0,0,41.1,0,205.632
66566.0,63.0,2,3,5,Петроградский,Площадь Восстания,3.8,без ремонта,частично,10,59.9591,30.2909,4.57,1977,47,0,0,0,0,1,0,1,1995,2,1056.6031746031747,0.6,0,0,0,1,0,0,126.0,0,17.366
30881.0,26.5,3,12,12,Приморский,Гостиный двор,4.7,косметический,нет,7,60.0203,30.1622,20.18,2011,13,1,1,0,0,0,1,1,2005,0,1165.3207547169811,1.0,1,0,1,3,1,0,79.5,0,94.846
33134.0,66.9,1,4,9,Невский,Гостиный двор,13.0,евроремонт,частично,4,59.9362,30.4816,17.95,1976,48,1,0,0,0,1,0,1,2015,2,495.27653213751864,0.4444444444444444,0,0,0,2,0,0,66.9,0,233.35
92621.0,42.8,2,5,5,Центральный,Площадь Восстания,1.0,косметический,полностью,8,59.9124,30.3442,3.32,1985,39,0,0,0,0,1,1,1,2005,5,2164.0420560747666,1.0,0,0,1,2,1,0,85.6,0,3.32
124431.0,64.7,3,6,6,Центральный,Петроградская,1.0,косметический,полностью,4,59.9367,30.3261,1.01,1947,77,1,0,1,0,0,0,2,2005,5,1923.1993817619782,1.0,0,1,1,2,0,0,194.10000000000002,0,1.01
22027.0,26.2,3,5,5,Кировский,Спортивная,2.5,евроремонт,нет,4,59.875,30.2371,11.04,1953,71,1,0,1,0,0,0,5,2015,0,840.7251908396947,1.0,0,0,1,2,0,0,78.6,0,27.599999999999998
47841.0,60.8,1,2,5,Василеостровский,Чернышевская,2.0,евроремонт,нет,12,59.9528,30.2447,8.73,2019,5,1,0,0,0,1,0,1,2015,0,786.858552631579,0.4,1,0,0,2,0,1,60.8,0,17.46
23502.0,23.6,2,8,9,Центральный,Ладожская,1.0,евроремонт,нет,11,59.9342,30.3392,2.18,2007,17,1,1,1,0,0,0,4,2015,0,995.8474576271186,0.8888888888888888,0,1,1,3,0,0,47.2,0,2.18
42081.0,61.1,1,3,12,Петроградский,Невский проспект,8.8,косметический,частично,11,59.9707,30.3178,4.53,1985,39,1,0,0,0,0,0,2,2005,2,688.7234042553191,0.25,0,0,0,1,0,0,61.1,0,39.864000000000004
23181.0,37.3,3,1,5,Фрунзенский,Ладожская,2.0,евроремонт,нет,7,59.8748,30.3763,8.75,1973,51,1,1,0,0,0,0,4,2015,0,621.4745308310993,0.2,0,0,0,2,1,0,111.89999999999999,0,17.5
62463.0,62.2,1,4,5,Адмиралтейский,Ладожская,1.0,косметический,полностью,5,59.9308,30.3037,1.82,2022,2,1,1,0,0,1,0,4,2005,5,1004.2282958199356,0.8,1,1,1,3,0,0,62.2,1,1.82
34375.0,37.5,1,3,9,Московский,Невский проспект,2.3,евроремонт,нет,1,59.8911,30.3012,4.8,1990,34,1,0,1,0,0,0,2,2015,0,916.6666666666666,0.3333333333333333,0,0,0,2,0,1,37.5,0,11.04
20977.0,25.4,1,1,5,Калининский,Московская,6.5,косметический,полностью,7,60.0034,30.4146,13.29,1979,45,1,0,1,0,1,1,2,2005,5,825.8661417322835,0.2,0,0,0,4,1,0,25.4,0,86.38499999999999
37267.0,47.7,3,6,12,Приморский,Комендантский проспект,8.7,дизайнерский,полностью,1,60.0195,30.1381,22.5,1995,29,1,0,0,0,1,0,5,2020,5,781.2788259958071,0.5,0,0,0,2,0,1,143.10000000000002,0,195.74999999999997
38942.0,52.4,1,5,5,Петроградский,Проспект Ветеранов,2.9,косметический,полностью,2,59.9686,30.3106,4.41,1922,102,1,0,1,0,1,0,1,2005,5,743.1679389312977,1.0,0,0,1,3,0,1,52.4,0,12.789
47366.0,72.3,2,2,9,Василеостровский,Невский проспект,2.0,косметический,частично,1,59.9375,30.2596,6.75,1987,37,1,0,1,0,1,0,2,2005,2,655.1313969571231,0.2222222222222222,0,0,0,3,0,1,144.6,0,13.5
36443.0,49.1,2,3,16,Московский,Чернышевская,10.7,косметический,частично,11,59.8657,30.3398,7.47,1967,57,1,0,1,0,0,0,1,2005,2,742.2199592668024,0.1875,0,0,0,2,0,0,98.2,0,79.92899999999999
29915.0,55.5,1,7,9,Приморский,Гостиный двор,10.6,косметический,частично,2,60.0006,30.1473,20.71,2018,6,0,0,1,1,0,0,1,2005,2,539.009009009009,0.7777777777777778,1,0,1,2,0,1,55.5,0,219.526
27700.0,60.0,1,5,12,Кировский,Ладожская,20.0,евроремонт,нет,6,59.8807,30.2595,8.66,1994,30,0,0,1,0,0,0,4,2015,0,461.6666666666667,0.4166666666666667,0,0,0,1,1,0,60.0,0,173.2
25475.0,38.5,1,1,5,Невский,Гостиный двор,2.0,косметический,полностью,12,59.9074,30.5224,22.61,1981,43,1,0,1,0,0,1,1,2005,5,661.6883116883117,0.2,0,0,0,3,0,1,38.5,0,45.22
23871.0,48.9,1,14,16,Приморский,Проспект Ветеранов,18.6,косметический,нет,10,59.9948,30.1594,19.23,2021,3,1,0,1,0,1,1,1,2005,0,488.159509202454,0.875,1,0,1,4,0,0,48.9,0,357.67800000000005
30650.0,33.5,1,2,7,Адмиралтейский,Проспект Ветеранов,5.7,евроремонт,нет,3,59.9095,30.2669,6.31,2001,23,1,0,1,0,1,0,1,2015,0,914.9253731343283,0.2857142857142857,0,0,0,3,0,0,33.5,0,35.967
38740.0,61.3,1,5,6,Адмиралтейский,Проспект Ветеранов,4.6,косметический,частично,2,59.9379,30.2972,2.67,2009,15,0,0,1,0,1,0,1,2005,2,631.973898858075,0.8333333333333334,0,1,1,2,0,1,61.3,0,12.281999999999998
29301.0,31.3,2,3,5,Калининский,Площадь Восстания,24.1,дизайнерский,нет,5,59.9897,30.3973,10.84,2008,16,1,1,1,0,0,0,1,2020,0,936.1341853035143,0.6,0,0,0,3,0,0,62.6,0,261.244
30733.0,25.4,2,2,5,Центральный,Площадь Восстания,3.2,косметический,нет,11,59.934,30.3395,2.2,2021,3,1,1,1,0,0,0,1,2005,0,1209.9606299212599,0.4,1,1,0,3,0,0,50.8,1,7.040000000000001
28920.0,42.1,1,1,5,Фрунзенский,Проспект Ветеранов,8.6,косметический,частично,6,59.8527,30.3699,10.21,1996,28,1,1,1,0,0,0,1,2005,2,686.9358669833729,0.2,0,0,0,3,1,0,42.1,0,87.806
24015.0,68.9,1,2,5,Калининский,Петроградская,3.5,косметический,частично,12,60.0069,30.3791,10.77,1979,45,1,0,1,0,1,0,2,2005,2,348.5486211901306,0.4,0,0,0,3,0,1,68.9,0,37.695
41509.0,75.6,1,4,12,Фрунзенский,Спортивная,6.8,косметический,нет,5,59.8563,30.3588,9.24,1969,55,1,0,0,0,0,0,5,2005,0,549.0608465608466,0.3333333333333333,0,0,0,1,0,0,75.6,0,62.832
41093.0,44.3,2,22,25,Приморский,Московская,6.2,евроремонт,нет,10,60.007,30.142,21.52,2018,6,1,1,0,1,1,0,2,2015,0,927.607223476298,0.88,1,0,1,4,0,0,88.6,0,133.424
29115.0,24.1,1,2,5,Центральный,Петроградская,4.2,евроремонт,частично,3,59.949,30.3207,2.11,1890,134,0,0,1,1,0,1,2,2015,2,1208.091286307054,0.4,0,1,0,3,0,0,24.1,0,8.862
83296.0,63.1,3,15,16,Московский,Проспект Ветеранов,18.8,дизайнерский,частично,10,59.8971,30.3106,3.8,2016,8,1,1,1,0,1,1,1,2020,2,1320.0633914421553,0.9375,1,0,1,5,0,0,189.3,0,71.44
141481.0,55.9,2,5,5,Петроградский,Невский проспект,2.0,евроремонт,полностью,8,59.9513,30.3078,2.72,1972,52,1,0,1,0,0,0,2,2015,5,2530.9660107334525,1.0,0,1,1,2,1,0,111.8,0,5.44
42670.0,45.1,2,8,9,Центральный,Проспект Ветеранов,1.0,без ремонта,частично,8,59.9172,30.3225,1.45,1952,72,1,1,0,0,0,0,1,1995,2,946.119733924612,0.8888888888888888,0,1,1,2,1,0,90.2,0,1.45
40451.0,33.6,2,5,7,Центральный,Проспект Ветеранов,2.1,косметический,полностью,6,59.9414,30.3385,2.41,1976,48,0,0,1,0,0,0,1,2005,5,1203.8988095238094,0.7142857142857143,0,1,1,1,1,0,67.2,0,5.061000000000001
33377.0,27.6,2,3,5,Петроградский,Площадь Восстания,9.5,евроремонт,частично,9,59.958,30.3169,3.13,1914,110,1,1,0,0,1,0,1,2015,2,1209.3115942028985,0.6,0,0,0,3,0,0,55.2,0,29.735
20000.0,32.9,3,4,9,Кировский,Проспект Ветеранов,6.1,евроремонт,нет,2,59.8722,30.2414,10.83,1975,49,0,0,1,0,1,0,1,2015,0,607.9027355623101,0.4444444444444444,0,0,0,2,0,1,98.69999999999999,0,66.063
33536.0,24.1,3,3,6,Центральный,Проспект Ветеранов,3.9,евроремонт,нет,10,59.9406,30.3038,2.15,1934,90,0,1,0,0,1,0,1,2015,0,1391.5352697095434,0.5,0,1,0,2,0,0,72.30000000000001,0,8.385
21720.0,45.0,1,1,5,Фрунзенский,Спортивная,2.6,косметический,полностью,2,59.8425,30.3966,12.91,1964,60,1,0,1,0,1,0,5,2005,5,482.6666666666667,0.2,0,0,0,3,0,1,45.0,0,33.566
38666.0,52.3,1,12,12,Приморский,Петроградская,3.6,косметический,частично,5,60.001,30.1485,20.61,2014,10,1,1,0,0,0,0,2,2005,2,739.3116634799236,1.0,1,0,1,2,0,0,52.3,0,74.196
37856.0,31.5,1,4,5,Центральный,Чернышевская,1.8,косметический,частично,7,59.9168,30.3032,2.36,1955,69,1,1,1,1,0,0,1,2005,2,1201.7777777777778,0.8,0,1,1,4,1,0,31.5,0,4.248
48431.0,41.6,1,3,5,Адмиралтейский,Спортивная,1.1,косметический,нет,11,59.9293,30.2663,5.96,1989,35,0,0,1,1,0,0,5,2005,0,1164.2067307692307,0.6,0,0,0,2,0,0,41.6,0,6.556
20000.0,24.5,1,1,12,Московский,Невский проспект,20.0,евроремонт,частично,4,59.8699,30.3175,6.68,2011,13,0,0,1,0,1,1,2,2015,2,816.3265306122449,0.08333333333333333,1,0,0,3,0,0,24.5,0,133.6
32781.0,38.3,1,4,9,Калининский,Ладожская,3.0,дизайнерский,полностью,10,60.0063,30.3823,10.94,1983,41,1,0,0,0,0,1,4,2020,5,855.9007832898172,0.4444444444444444,0,0,0,2,0,0,38.3,0,32.82
48994.0,36.4,4,1,5,Адмиралтейский,Гостиный двор,6.3,дизайнерский,полностью,1,59.9433,30.3008,2.59,1974,50,0,0,1,0,1,0,1,2020,5,1345.9890109890111,0.2,0,1,0,2,0,1,145.6,0,16.317
23257.0,38.3,1,4,12,Петроградский,Петроградская,12.0,без ремонта,нет,12,59.9658,30.2833,5.69,1918,106,0,0,0,0,0,0,2,1995,0,607.2323759791124,0.3333333333333333,0,0,0,0,0,1,38.3,0,68.28
27025.0,47.1,1,8,9,Невский,Комендантский проспект,4.9,косметический,частично,3,59.9137,30.4931,19.29,1975,49,0,0,1,0,0,1,5,2005,2,573.7791932059448,0.8888888888888888,0,0,1,2,0,0,47.1,0,94.521
65111.0,51.3,3,7,12,Московский,Московская,2.0,косметический,частично,11,59.9105,30.3027,2.89,1965,59,0,1,0,1,0,0,2,2005,2,1269.2202729044834,0.5833333333333334,0,1,0,2,0,0,153.89999999999998,0,5.78
20000.0,20.0,1,9,12,Кировский,Площадь Восстания,8.2,без ремонта,частично,3,59.8882,30.2422,9.81,1996,28,1,1,1,0,1,1,1,1995,2,1000.0,0.75,0,0,1,5,0,0,20.0,0,80.442
35755.0,38.2,2,2,7,Адмиралтейский,Спортивная,4.0,косметический,частично,12,59.9039,30.2726,6.01,1974,50,0,0,1,0,0,1,5,2005,2,935.9947643979057,0.2857142857142857,0,0,0,2,0,1,76.4,0,24.04
20000.0,20.0,1,1,5,Фрунзенский,Проспект Ветеранов,2.4,евроремонт,частично,8,59.849,30.3793,11.14,1975,49,0,0,1,1,0,0,1,2015,2,1000.0,0.2,0,0,0,2,1,0,20.0,0,26.736
32909.0,55.3,1,14,25,Приморский,Ладожская,3.0,косметический,частично,5,60.0021,30.1315,22.41,2014,10,1,1,1,0,0,0,4,2005,2,595.0994575045208,0.56,1,0,0,3,0,0,55.3,0,67.23
26042.0,35.3,3,3,12,Василеостровский,Площадь Восстания,13.5,косметический,частично,2,59.9409,30.2292,10.15,2017,7,0,0,1,0,1,0,1,2005,2,737.7337110481587,0.25,1,0,0,2,0,1,105.89999999999999,0,137.025
100874.0,55.4,2,2,5,Василеостровский,Площадь Восстания,3.5,дизайнерский,полностью,3,59.9162,30.2453,8.43,1965,59,1,1,1,0,0,0,1,2020,5,1820.8303249097473,0.4,0,0,0,3,0,0,110.8,0,29.505
21606.0,54.7,1,2,5,Фрунзенский,Спортивная,20.0,евроремонт,частично,1,59.859,30.3963,11.57,1969,55,1,0,0,0,1,0,5,2015,2,394.99085923217547,0.4,0,0,0,2,0,1,54.7,0,231.4
22747.0,30.6,1,4,5,Невский,Площадь Восстания,2.9,евроремонт,полностью,8,59.9292,30.5199,22.19,1972,52,0,1,1,0,1,1,1,2015,5,743.3660130718954,0.8,0,0,1,4,1,0,30.6,0,64.351
115927.0,61.3,3,3,5,Петроградский,Ладожская,2.1,косметический,полностью,7,59.993,30.2772,8.45,2009,15,1,0,1,1,0,1,4,2005,5,1891.141924959217,0.6,0,0,0,4,1,0,183.89999999999998,0,17.745
26779.0,49.2,2,1,5,Фрунзенский,Чернышевская,12.0,без ремонта,полностью,12,59.8633,30.3793,9.91,1970,54,1,1,1,0,1,1,1,1995,5,544.2886178861788,0.2,0,0,0,5,0,1,98.4,0,118.92
26430.0,34.9,2,9,9,Приморский,Комендантский проспект,25.0,косметический,полностью,8,60.0152,30.1659,19.55,1994,30,1,0,1,0,0,0,5,2005,5,757.3065902578796,1.0,0,0,1,2,1,0,69.8,0,488.75
20000.0,31.8,1,8,12,Кировский,Площадь Восстания,8.9,косметический,частично,2,59.859,30.2474,11.28,2019,5,1,0,0,0,0,0,1,2005,2,628.9308176100628,0.6666666666666666,1,0,0,1,0,1,31.8,0,100.392
20000.0,37.7,1,2,12,Калининский,Ладожская,5.6,евроремонт,полностью,1,60.0183,30.4047,13.58,1995,29,0,0,0,0,0,0,4,2015,5,530.5039787798408,0.16666666666666666,0,0,0,0,0,1,37.7,0,76.048
104792.0,82.2,2,1,12,Петроградский,Невский проспект,19.1,евроремонт,полностью,8,59.9866,30.2952,6.86,1986,38,1,0,0,0,1,0,2,2015,5,1274.8418491484185,0.08333333333333333,0,0,0,2,1,0,164.4,0,131.026
35696.0,40.4,1,2,5,Василеостровский,Невский проспект,2.0,евроремонт,частично,12,59.9235,30.2474,8.09,1985,39,0,0,0,0,0,0,2,2015,2,883.5643564356436,0.4,0,0,0,0,0,1,40.4,0,16.18
33011.0,32.5,1,9,9,Петроградский,Петроградская,4.7,косметический,частично,6,59.9805,30.2761,7.43,2008,16,1,0,1,0,0,0,2,2005,2,1015.723076923077,1.0,0,0,1,2,1,0,32.5,0,34.921
89207.0,80.7,2,2,5,Фрунзенский,Спортивная,2.2,косметический,нет,8,59.8464,30.3644,10.51,1983,41,1,0,1,0,0,0,5,2005,0,1105.4151177199503,0.4,0,0,0,2,1,0,161.4,0,23.122
57621.0,58.9,2,2,5,Кировский,Петроградская,3.4,евроремонт,полностью,4,59.8814,30.2351,10.86,1980,44,1,1,1,0,0,0,2,2015,5,978.2852292020374,0.4,0,0,0,3,0,0,117.8,0,36.924
23226.0,30.8,2,3,7,Адмиралтейский,Московская,2.1,без ремонта,полностью,3,59.8989,30.2559,7.91,2019,5,1,1,1,0,0,1,2,1995,5,754.0909090909091,0.42857142857142855,1,0,0,4,0,0,61.6,0,16.611
34240.0,49.4,1,3,12,Приморский,Петроградская,3.0,косметический,частично,9,60.0247,30.1337,23.19,2003,21,1,0,0,0,1,0,2,2005,2,693.1174089068826,0.25,0,0,0,2,0,0,49.4,0,69.57000000000001
55411.0,51.2,2,2,5,Адмиралтейский,Площадь Восстания,2.1,косметический,частично,2,59.9315,30.2994,2.29,1950,74,1,0,1,0,1,0,1,2005,2,1082.24609375,0.4,0,1,0,3,0,1,102.4,0,4.809
38852.0,45.7,2,2,9,Приморский,Невский проспект,6.9,дизайнерский,нет,1,59.9909,30.1547,19.56,2019,5,1,0,1,0,1,0,2,2020,0,850.1531728665208,0.2222222222222222,1,0,0,3,0,1,91.4,0,134.964
38686.0,41.3,1,2,5,Центральный,Проспект Ветеранов,1.0,евроремонт,нет,11,59.955,30.2951,3.92,1970,54,0,0,1,0,1,0,1,2015,0,936.7070217917676,0.4,0,0,0,2,0,0,41.3,0,3.92
46106.0,48.4,1,2,5,Василеостровский,Площадь Восстания,4.8,косметический,нет,4,59.9308,30.2644,6.17,2014,10,0,1,1,0,0,0,1,2005,0,952.603305785124,0.4,1,0,0,2,0,0,48.4,0,29.616
25818.0,50.7,1,2,9,Московский,Ладожская,3.2,без ремонта,нет,6,59.8831,30.3153,5.23,1997,27,0,1,0,0,0,1,4,1995,0,509.2307692307692,0.2222222222222222,0,0,0,2,1,0,50.7,0,16.736
20000.0,25.9,1,8,9,Невский,Ладожская,2.0,евроремонт,частично,3,59.9483,30.5197,22.26,2011,13,1,1,0,0,1,1,4,2015,2,772.2007722007722,0.8888888888888888,1,0,1,4,0,0,25.9,0,44.52
56774.0,37.5,2,3,6,Центральный,Петроградская,1.0,косметический,полностью,1,59.9059,30.315,2.73,1997,27,0,1,1,0,0,0,2,2005,5,1513.9733333333334,0.5,0,1,0,2,0,1,75.0,0,2.73
55990.0,42.5,3,3,7,Центральный,Гостиный двор,10.5,косметический,полностью,12,59.9202,30.3269,1.34,1971,53,0,1,1,1,0,0,1,2005,5,1317.4117647058824,0.42857142857142855,0,1,0,3,0,1,127.5,0,14.07
24054.0,25.0,2,16,16,Приморский,Невский проспект,5.9,евроремонт,частично,9,60.0131,30.1607,19.95,2021,3,0,0,1,0,0,0,2,2015,2,962.16,1.0,1,0,1,1,0,0,50.0,0,117.705
43556.0,60.2,2,8,9,Московский,Проспект Ветеранов,5.8,косметический,частично,12,59.8661,30.3266,7.13,2006,18,1,0,1,0,0,0,1,2005,2,723.5215946843854,0.8888888888888888,0,0,1,2,0,1,120.4,0,41.354
51589.0,60.0,2,1,5,Петроградский,Комендантский проспект,2.0,косметический,частично,1,59.9812,30.3039,5.96,1975,49,1,0,1,0,1,0,5,2005,2,859.8166666666667,0.2,0,0,0,3,0,1,120.0,0,11.92
20000.0,26.6,2,1,5,Невский,Ладожская,3.8,без ремонта,частично,6,59.9409,30.5019,20.23,1966,58,1,1,0,0,0,0,4,1995,2,751.8796992481202,0.2,0,0,0,2,1,0,53.2,0,76.874
33449.0,32.5,2,4,12,Фрунзенский,Площадь Восстания,6.3,дизайнерский,нет,7,59.8663,30.3984,11.22,1998,26,1,1,0,0,0,0,1,2020,0,1029.2,0.3333333333333333,0,0,0,2,1,0,65.0,0,70.686
69827.0,45.6,1,4,9,Василеостровский,Гостиный двор,4.4,косметический,полностью,8,59.9574,30.2703,6.3,1998,26,0,0,1,0,1,0,1,2005,5,1531.2938596491229,0.4444444444444444,0,0,0,2,1,0,45.6,0,27.720000000000002
23085.0,59.8,1,11,12,Василеостровский,Комендантский проспект,20.0,без ремонта,частично,3,59.9413,30.2609,6.68,1934,90,0,0,1,0,1,0,5,1995,2,386.03678929765886,0.9166666666666666,0,0,1,2,0,0,59.8,0,133.6
41331.0,69.4,1,1,9,Приморский,Невский проспект,25.0,косметический,частично,10,60.0114,30.1567,20.25,2016,8,0,0,0,0,0,1,2,2005,2,595.5475504322766,0.1111111111111111,1,0,0,1,0,0,69.4,0,506.25
23835.0,48.5,2,8,9,Кировский,Комендантский проспект,2.5,без ремонта,частично,12,59.8715,30.2407,10.94,1953,71,1,0,0,0,0,0,5,1995,2,491.44329896907215,0.8888888888888888,0,0,1,1,0,1,97.0,0,27.349999999999998
36001.0,49.0,2,4,5,Калининский,Проспект Ветеранов,8.8,евроремонт,полностью,10,59.9983,30.3779,9.94,1974,50,0,0,0,0,1,0,1,2015,5,734.7142857142857,0.8,0,0,1,1,0,0,98.0,0,87.47200000000001
92389.0,57.7,1,4,6,Центральный,Проспект Ветеранов,1.3,евроремонт,нет,7,59.9326,30.3007,2.16,1977,47,0,0,0,1,0,0,1,2015,0,1601.1958405545927,0.6666666666666666,0,1,0,1,1,0,57.7,0,2.8080000000000003
46007.0,36.8,1,6,6,Центральный,Проспект Ветеранов,4.6,косметический,частично,1,59.9358,30.3153,0.83,2018,6,1,1,0,0,1,0,1,2005,2,1250.1902173913045,1.0,1,1,1,3,0,1,36.8,1,3.8179999999999996
67825.0,43.1,3,1,5,Петроградский,Спортивная,4.2,дизайнерский,частично,2,59.9833,30.3079,6.07,1975,49,1,0,0,0,0,0,5,2020,2,1573.6658932714618,0.2,0,0,0,1,0,1,129.3,0,25.494000000000003
65053.0,57.7,2,6,9,Петроградский,Московская,3.4,без ремонта,частично,10,59.9506,30.2884,4.19,2008,16,1,1,0,0,0,0,2,1995,2,1127.4350086655113,0.6666666666666666,0,0,0,2,0,0,115.4,0,14.246
20000.0,24.3,1,7,9,Василеостровский,Ладожская,2.0,без ремонта,нет,4,59.9261,30.264,6.23,1953,71,0,0,1,0,1,1,4,1995,0,823.0452674897119,0.7777777777777778,0,0,1,3,0,0,24.3,0,12.46
35972.0,39.9,2,2,9,Невский,Гостиный двор,2.0,косметический,полностью,7,59.9155,30.5019,20.25,1980,44,1,0,0,0,0,0,1,2005,5,901.5538847117795,0.2222222222222222,0,0,0,1,1,0,79.8,0,40.5
46528.0,60.9,2,24,25,Приморский,Чернышевская,3.0,косметический,нет,2,59.9913,30.136,21.53,1995,29,1,1,1,0,1,0,1,2005,0,764.0065681444992,0.96,0,0,1,4,0,1,121.8,0,64.59
20000.0,32.0,2,1,9,Приморский,Невский проспект,3.0,без ремонта,частично,1,59.9909,30.1492,20.13,2007,17,0,0,1,0,0,0,2,1995,2,625.0,0.1111111111111111,0,0,0,1,0,1,64.0,0,60.39
20000.0,28.1,1,4,9,Приморский,Проспект Ветеранов,4.9,евроремонт,частично,1,60.0159,30.1308,23.06,2014,10,1,0,0,0,1,0,1,2015,2,711.7437722419928,0.4444444444444444,1,0,0,2,0,1,28.1,0,112.994
20340.0,33.2,2,6,12,Невский,Невский проспект,4.5,косметический,нет,9,59.9093,30.5085,21.04,2002,22,1,1,1,0,1,0,2,2005,0,612.6506024096385,0.5,0,0,0,4,0,0,66.4,0,94.67999999999999
20000.0,22.2,3,4,5,Калининский,Невский проспект,5.9,косметический,частично,11,59.9876,30.421,12.91,1990,34,1,0,1,0,1,0,2,2005,2,900.900900900901,0.8,0,0,1,3,0,0,66.6,0,76.16900000000001
39638.0,35.5,1,1,9,Приморский,Площадь Восстания,8.9,косметический,частично,6,59.9801,30.1614,18.46,2004,20,1,0,1,0,0,0,1,2005,2,1116.5633802816901,0.1111111111111111,0,0,0,2,1,0,35.5,0,164.294
38604.0,28.9,2,3,7,Адмиралтейский,Ладожская,2.1,косметический,полностью,9,59.9123,30.2922,3.66,2021,3,1,0,1,0,1,0,4,2005,5,1335.7785467128028,0.42857142857142855,1,0,0,3,0,0,57.8,0,7.686000000000001
20000.0,33.1,1,6,9,Калининский,Московская,12.9,косметический,полностью,7,60.0197,30.3884,12.52,2007,17,1,1,1,0,0,0,2,2005,5,604.2296072507553,0.6666666666666666,0,0,0,3,1,0,33.1,0,161.508
23439.0,24.3,1,7,12,Приморский,Невский проспект,8.5,евроремонт,частично,7,59.991,30.1317,21.97,1990,34,1,0,1,0,1,1,2,2015,2,964.5679012345679,0.5833333333333334,0,0,0,4,1,0,24.3,0,186.745
34401.0,64.4,1,11,12,Фрунзенский,Площадь Восстания,5.2,без ремонта,частично,1,59.8282,30.3616,12.21,1995,29,0,0,1,1,0,0,1,1995,2,534.1770186335403,0.9166666666666666,0,0,1,2,0,1,64.4,0,63.492000000000004
92217.0,56.8,2,4,5,Центральный,Спортивная,6.2,косметический,частично,10,59.9391,30.3054,1.91,1903,121,1,0,1,0,1,1,5,2005,2,1623.5387323943662,0.8,0,1,1,4,0,0,113.6,0,11.842
20000.0,35.9,2,1,5,Калининский,Невский проспект,25.0,косметический,нет,4,59.9953,30.4176,13.03,2022,2,0,0,0,1,0,1,2,2005,0,557.1030640668524,0.2,1,0,0,2,0,0,71.8,0,325.75
36501.0,40.3,1,5,5,Центральный,Ладожская,7.0,без ремонта,частично,6,59.9346,30.3393,2.21,2006,18,1,0,1,0,0,1,4,1995,2,905.7320099255584,1.0,0,1,1,3,1,0,40.3,0,15.469999999999999
38602.0,42.3,1,4,5,Василеостровский,Гостиный двор,15.4,евроремонт,нет,3,59.9482,30.2604,6.91,1953,71,1,0,1,0,0,0,1,2015,0,912.5768321513003,0.8,0,0,1,2,0,0,42.3,0,106.414
26261.0,50.8,2,3,9,Невский,Проспект Ветеранов,5.1,без ремонта,нет,9,59.9254,30.4894,18.81,1992,32,1,0,1,0,1,0,1,1995,0,516.9488188976378,0.3333333333333333,0,0,0,3,0,0,101.6,0,95.93099999999998
21819.0,34.1,2,2,9,Приморский,Московская,3.0,косметический,частично,5,60.0146,30.1703,19.09,2004,20,0,1,1,0,1,0,2,2005,2,639.8533724340176,0.2222222222222222,0,0,0,3,0,0,68.2,0,57.269999999999996
59552.0,51.4,1,2,9,Петроградский,Невский проспект,4.6,косметический,частично,4,59.9744,30.2819,6.49,1970,54,1,0,1,0,1,0,2,2005,2,1158.5992217898834,0.2222222222222222,0,0,0,3,0,0,51.4,0,29.854
42300.0,36.9,1,1,9,Петроградский,Невский проспект,5.2,косметический,частично,3,59.9577,30.3249,3.13,1982,42,0,0,1,0,0,0,2,2005,2,1146.3414634146343,0.1111111111111111,0,0,0,1,0,0,36.9,0,16.276
45384.0,52.9,3,2,9,Невский,Невский проспект,7.7,косметический,нет,4,59.9437,30.4776,17.56,2017,7,0,1,1,0,1,0,2,2005,0,857.9206049149338,0.2222222222222222,1,0,0,3,0,0,158.7,0,135.212
52017.0,53.0,3,2,9,Калининский,Спортивная,3.0,косметический,полностью,5,60.0156,30.3849,11.92,1970,54,1,0,1,0,1,0,5,2005,5,981.4528301886793,0.2222222222222222,0,0,0,3,0,0,159.0,0,35.76
56177.0,53.7,1,3,6,Центральный,Чернышевская,5.1,без ремонта,полностью,3,59.9534,30.3407,3.47,2003,21,1,0,1,0,1,0,1,1995,5,1046.1266294227187,0.5,0,0,0,3,0,0,53.7,0,17.697
27966.0,61.0,1,3,12,Московский,Чернышевская,16.8,без ремонта,полностью,3,59.866,30.3114,7.17,1976,48,1,0,0,0,0,0,1,1995,5,458.4590163934426,0.25,0,0,0,1,0,0,61.0,0,120.456
31381.0,35.6,2,1,5,Петроградский,Комендантский проспект,2.9,евроремонт,частично,2,59.9929,30.3002,7.32,2003,21,0,1,1,0,1,1,5,2015,2,881.4887640449438,0.2,0,0,0,4,0,1,71.2,0,21.228
42337.0,46.0,3,1,9,Центральный,Чернышевская,9.2,евроремонт,полностью,1,59.9125,30.3205,1.95,1987,37,1,0,1,0,0,0,1,2015,5,920.3695652173913,0.1111111111111111,0,1,0,2,0,1,138.0,0,17.939999999999998
26643.0,20.0,1,3,5,Адмиралтейский,Невский проспект,1.3,евроремонт,частично,5,59.9081,30.2576,7.34,1913,111,1,0,1,0,0,0,2,2015,2,1332.15,0.6,0,0,0,2,0,0,20.0,0,9.542
80857.0,56.7,2,3,7,Центральный,Московская,3.2,косметический,частично,10,59.9155,30.3233,1.65,1978,46,1,0,0,0,1,0,2,2005,2,1426.0493827160494,0.42857142857142855,0,1,0,2,0,0,113.4,0,5.28
22411.0,32.1,1,5,9,Василеостровский,Спортивная,6.3,косметический,нет,1,59.9341,30.2629,6.36,1943,81,1,1,0,0,1,0,5,2005,0,698.1619937694704,0.5555555555555556,0,0,0,3,0,1,32.1,0,40.068
87946.0,42.5,1,6,7,Центральный,Невский проспект,3.0,дизайнерский,полностью,2,59.932,30.3289,1.01,2002,22,1,0,0,0,1,0,2,2020,5,2069.3176470588237,0.8571428571428571,0,1,1,2,0,1,42.5,0,3.0300000000000002
27738.0,26.9,1,6,6,Адмиралтейский,Чернышевская,1.7,без ремонта,нет,4,59.9271,30.2975,2.52,1993,31,1,0,1,0,0,1,1,1995,0,1031.1524163568774,1.0,0,1,1,3,0,0,26.9,0,4.284
34161.0,60.8,1,5,5,Калининский,Проспект Ветеранов,11.8,евроремонт,частично,2,60.0223,30.387,12.67,1983,41,1,0,0,0,0,0,1,2015,2,561.858552631579,1.0,0,0,1,1,0,1,60.8,0,149.506
22988.0,22.2,1,7,7,Адмиралтейский,Петроградская,7.2,косметический,нет,9,59.9295,30.2744,5.07,1981,43,0,1,1,0,0,0,2,2005,0,1035.4954954954956,1.0,0,0,1,2,0,0,22.2,0,36.504000000000005
73486.0,61.8,1,4,5,Центральный,Гостиный двор,12.0,евроремонт,частично,11,59.9164,30.332,2.01,1978,46,0,0,1,0,0,0,1,2015,2,1189.093851132686,0.8,0,1,1,1,0,0,61.8,0,24.119999999999997
20000.0,24.9,1,12,12,Невский,Чернышевская,10.7,косметический,нет,2,59.9127,30.5181,22.08,1994,30,0,0,1,0,0,0,1,2005,0,803.2128514056226,1.0,0,0,1,1,0,1,24.9,0,236.25599999999997
110715.0,60.8,2,6,9,Василеостровский,Гостиный двор,2.0,косметический,частично,10,59.9382,30.2694,5.69,1970,54,1,0,1,0,0,0,1,2005,2,1820.970394736842,0.6666666666666666,0,0,0,2,0,0,121.6,0,11.38
37980.0,30.8,1,2,5,Петроградский,Невский проспект,2.0,косметический,нет,10,59.9527,30.2841,4.71,1992,32,1,0,1,0,1,0,2,2005,0,1233.1168831168832,0.4,0,0,0,3,0,0,30.8,0,9.42
20000.0,30.1,1,3,6,Центральный,Чернышевская,12.0,евроремонт,частично,1,59.9359,30.3105,1.24,1978,46,1,0,0,0,0,0,1,2015,2,664.4518272425249,0.5,0,1,0,1,0,1,30.1,0,14.879999999999999
20979.0,27.5,2,4,5,Фрунзенский,Спортивная,2.0,без ремонта,нет,7,59.8351,30.403,13.99,1966,58,1,0,1,0,1,0,5,1995,0,762.8727272727273,0.8,0,0,1,3,1,0,55.0,0,27.98
27882.0,31.9,2,2,5,Петроградский,Площадь Восстания,5.3,косметический,нет,1,59.9801,30.2807,7.07,1993,31,0,1,0,1,0,1,1,2005,0,874.0438871473355,0.4,0,0,0,3,0,1,63.8,0,37.471000000000004
28658.0,27.2,3,6,9,Петроградский,Проспект Ветеранов,9.4,косметический,частично,10,59.9714,30.3132,4.65,2014,10,0,0,1,0,0,0,1,2005,2,1053.6029411764707,0.6666666666666666,1,0,0,1,0,0,81.6,0,43.71000000000001
50232.0,59.3,1,4,12,Московский,Комендантский проспект,15.5,евроремонт,частично,6,59.8978,30.307,3.86,1984,40,0,0,0,0,1,0,5,2015,2,847.0826306913997,0.3333333333333333,0,0,0,1,1,0,59.3,0,59.83
62765.0,53.4,3,11,12,Приморский,Спортивная,3.0,евроремонт,частично,5,60.0062,30.1316,22.56,2002,22,0,0,0,0,0,0,5,2015,2,1175.374531835206,0.9166666666666666,0,0,1,0,0,0,160.2,0,67.67999999999999
40956.0,45.1,1,13,16,Московский,Петроградская,6.3,косметический,частично,3,59.8893,30.3189,4.52,1994,30,1,0,0,0,1,1,2,2005,2,908.1152993348115,0.8125,0,0,1,3,0,0,45.1,0,28.475999999999996
28821.0,56.9,2,5,5,Невский,Гостиный двор,9.3,евроремонт,нет,1,59.9433,30.5216,22.43,1969,55,1,0,1,0,0,1,1,2015,0,506.5202108963093,1.0,0,0,1,3,0,1,113.8,0,208.59900000000002
31983.0,41.8,1,6,6,Адмиралтейский,Комендантский проспект,5.0,без ремонта,частично,11,59.9341,30.2602,6.66,1951,73,1,0,1,0,1,1,5,1995,2,765.1435406698565,1.0,0,0,1,4,0,0,41.8,0,33.3
60619.0,61.9,2,1,9,Петроградский,Чернышевская,15.3,косметический,частично,7,59.9671,30.2773,6.28,1997,27,0,0,1,0,0,0,1,2005,2,979.3053311793215,0.1111111111111111,0,0,0,1,1,0,123.8,0,96.084
79918.0,69.2,2,2,6,Центральный,Чернышевская,9.8,евроремонт,частично,11,59.9135,30.3111,2.08,1939,85,1,0,1,0,1,0,1,2015,2,1154.8843930635837,0.3333333333333333,0,1,0,3,0,0,138.4,0,20.384000000000004
88396.0,70.8,1,5,6,Адмиралтейский,Комендантский проспект,1.0,косметический,частично,10,59.9113,30.2922,3.71,2019,5,1,1,0,0,0,0,5,2005,2,1248.5310734463278,0.8333333333333334,1,0,1,2,0,0,70.8,0,3.71
49091.0,44.2,3,1,5,Петроградский,Чернышевская,2.0,косметический,нет,9,59.9946,30.308,7.3,1937,87,0,0,0,0,0,0,1,2005,0,1110.656108597285,0.2,0,0,0,0,0,0,132.60000000000002,0,14.6
20000.0,44.2,2,1,5,Калининский,Спортивная,25.0,косметический,частично,2,59.9782,30.4071,11.05,2018,6,0,0,1,0,1,0,5,2005,2,452.4886877828054,0.2,1,0,0,2,0,1,88.4,0,276.25
34579.0,53.6,1,9,12,Василеостровский,Комендантский проспект,20.0,евроремонт,частично,4,59.939,30.2451,8.37,1984,40,0,0,1,0,1,0,5,2015,2,645.1305970149253,0.75,0,0,1,2,0,0,53.6,0,167.39999999999998
80161.0,74.6,3,1,6,Адмиралтейский,Петроградская,1.0,косметический,нет,12,59.9151,30.2654,6.28,1909,115,0,0,1,1,0,0,2,2005,0,1074.544235924933,0.16666666666666666,0,0,0,2,0,1,223.79999999999998,0,6.28
61861.0,45.4,1,3,5,Адмиралтейский,Московская,2.0,косметический,частично,9,59.9048,30.303,3.38,1986,38,1,0,0,0,0,0,2,2005,2,1362.5770925110132,0.6,0,0,0,1,0,0,45.4,0,6.76
52864.0,55.4,2,5,5,Фрунзенский,Спортивная,2.0,без ремонта,полностью,8,59.8334,30.393,13.44,1995,29,1,0,1,1,1,0,5,1995,5,954.2238267148015,1.0,0,0,1,4,1,0,110.8,0,26.88
33066.0,54.3,1,2,9,Невский,Спортивная,2.5,без ремонта,частично,4,59.931,30.4899,18.86,1986,38,1,1,1,0,0,1,5,1995,2,608.950276243094,0.2222222222222222,0,0,0,4,0,0,54.3,0,47.15
33522.0,62.1,2,2,12,Калининский,Невский проспект,22.5,косметический,частично,12,60.0094,30.3913,11.84,1980,44,0,0,0,0,0,1,2,2005,2,539.8067632850241,0.16666666666666666,0,0,0,1,0,1,124.2,0,266.4
46488.0,59.0,1,11,12,Московский,Спортивная,2.8,косметический,частично,7,59.8758,30.3285,6.08,1968,56,0,0,1,0,0,0,5,2005,2,787.9322033898305,0.9166666666666666,0,0,1,1,1,0,59.0,0,17.023999999999997
48741.0,47.4,2,1,5,Невский,Площадь Восстания,4.1,косметический,частично,3,59.9093,30.5107,21.29,1973,51,1,1,1,0,0,0,1,2005,2,1028.2911392405063,0.2,0,0,0,3,0,0,94.8,0,87.28899999999999
26220.0,30.4,1,1,16,Московский,Чернышевская,2.3,косметический,нет,2,59.9098,30.3055,2.75,1998,26,0,0,0,0,0,0,1,2005,0,862.5,0.0625,0,1,0,0,0,1,30.4,0,6.324999999999999
41286.0,30.3,2,3,6,Адмиралтейский,Спортивная,1.2,косметический,нет,7,59.9048,30.2996,3.6,1923,101,1,0,1,0,1,0,5,2005,0,1362.5742574257426,0.5,0,0,0,3,1,0,60.6,0,4.32
32775.0,42.9,1,1,5,Василеостровский,Ладожская,12.5,косметический,полностью,6,59.9342,30.2668,5.92,2008,16,1,0,1,0,1,0,4,2005,5,763.986013986014,0.2,0,0,0,3,1,0,42.9,0,74.0
23988.0,40.2,2,1,5,Невский,Гостиный двор,2.0,косметический,частично,1,59.9486,30.4973,19.79,1960,64,0,0,0,0,0,0,1,2005,2,596.7164179104477,0.2,0,0,0,0,0,1,80.4,0,39.58
78665.0,51.4,1,5,5,Петроградский,Площадь Восстания,3.6,евроремонт,нет,5,59.9486,30.3175,2.09,1913,111,1,1,0,0,1,1,1,2015,0,1530.4474708171206,1.0,0,1,1,4,0,0,51.4,0,7.524
20000.0,28.8,1,8,9,Невский,Ладожская,20.0,косметический,полностью,4,59.9468,30.5248,22.81,1969,55,0,0,1,0,0,0,4,2005,5,694.4444444444445,0.8888888888888888,0,0,1,1,0,0,28.8,0,456.2
56140.0,62.8,2,3,12,Кировский,Чернышевская,7.2,косметический,частично,9,59.8912,30.2387,10.0,1976,48,1,0,1,1,1,0,1,2005,2,893.9490445859873,0.25,0,0,0,4,0,0,125.6,0,72.0
39836.0,45.0,2,2,5,Калининский,Невский проспект,3.0,косметический,частично,6,60.0165,30.3896,12.33,2015,9,0,1,0,0,0,0,2,2005,2,885.2444444444444,0.4,1,0,0,1,1,0,90.0,0,36.99
27195.0,31.9,2,1,16,Приморский,Невский проспект,7.8,косметический,полностью,8,60.0065,30.1475,20.95,1993,31,1,0,0,0,1,0,2,2005,5,852.5078369905957,0.0625,0,0,0,2,1,0,63.8,0,163.41
43797.0,63.9,1,8,12,Московский,Проспект Ветеранов,2.0,косметический,нет,10,59.8678,30.336,7.13,2021,3,1,1,1,0,1,0,1,2005,0,685.3990610328639,0.6666666666666666,1,0,0,4,0,0,63.9,0,14.26
32515.0,44.7,2,1,5,Калининский,Чернышевская,4.8,евроремонт,частично,1,60.0088,30.4103,13.3,1985,39,0,0,1,0,0,0,1,2015,2,727.4049217002237,0.2,0,0,0,1,0,1,89.4,0,63.84
60807.0,47.1,1,7,7,Адмиралтейский,Комендантский проспект,1.5,косметический,частично,6,59.9284,30.2638,6.24,1946,78,0,0,1,0,0,0,5,2005,2,1291.0191082802548,1.0,0,0,1,1,1,0,47.1,0,9.36
36972.0,36.5,2,9,9,Центральный,Чернышевская,5.2,косметический,частично,12,59.9145,30.3288,1.98,2002,22,0,0,1,0,0,0,1,2005,2,1012.931506849315,1.0,0,1,1,1,0,1,73.0,0,10.296
46996.0,41.6,2,6,6,Центральный,Ладожская,10.2,косметический,нет,6,59.9542,30.3284,2.84,2019,5,0,0,0,0,1,0,4,2005,0,1129.7115384615383,1.0,1,1,1,1,1,0,83.2,1,28.967999999999996
36731.0,55.6,1,8,12,Приморский,Площадь Восстания,14.0,без ремонта,нет,9,59.976,30.1695,17.47,2006,18,1,1,1,0,1,0,1,1995,0,660.6294964028776,0.6666666666666666,0,0,0,4,0,0,55.6,0,244.57999999999998
51062.0,38.8,2,9,12,Приморский,Спортивная,20.5,евроремонт,нет,8,59.9766,30.1613,18.36,2004,20,0,0,0,0,0,0,5,2015,0,1316.0309278350517,0.75,0,0,1,0,1,0,77.6,0,376.38
20010.0,45.7,2,7,9,Приморский,Проспект Ветеранов,12.7,без ремонта,полностью,3,59.9886,30.1335,21.7,2018,6,1,0,1,0,0,0,1,1995,5,437.85557986870896,0.7777777777777778,1,0,1,2,0,0,91.4,0,275.59
24153.0,48.4,1,1,12,Невский,Комендантский проспект,2.0,косметический,нет,4,59.9189,30.5248,22.77,1992,32,1,0,0,0,0,0,5,2005,0,499.02892561983475,0.08333333333333333,0,0,0,1,0,0,48.4,0,45.54
20000.0,34.8,1,7,9,Приморский,Петроградская,8.1,без ремонта,нет,2,59.9862,30.1711,17.66,2008,16,1,1,1,0,1,0,2,1995,0,574.7126436781609,0.7777777777777778,0,0,1,4,0,1,34.8,0,143.046
26640.0,31.9,3,4,12,Приморский,Гостиный двор,3.0,косметический,частично,3,60.023,30.1443,22.07,1995,29,1,0,0,0,0,0,1,2005,2,835.1097178683386,0.3333333333333333,0,0,0,1,0,0,95.69999999999999,0,66.21000000000001
43253.0,52.6,1,9,12,Московский,Спортивная,7.6,косметический,нет,12,59.8673,30.2957,7.46,1981,43,1,1,1,0,0,1,5,2005,0,822.3003802281369,0.75,0,0,1,4,0,1,52.6,0,56.696
62209.0,55.8,3,8,12,Приморский,Чернышевская,25.0,евроремонт,полностью,7,60.0039,30.1718,18.38,2021,3,1,1,0,0,0,1,1,2015,5,1114.8566308243728,0.6666666666666666,1,0,0,3,1,0,167.39999999999998,0,459.5
32387.0,27.4,1,3,12,Петроградский,Проспект Ветеранов,2.0,косметический,частично,7,59.9669,30.3216,4.1,1994,30,1,1,1,0,0,1,1,2005,2,1182.007299270073,0.25,0,0,0,4,1,0,27.4,0,8.2
21968.0,41.7,1,12,12,Приморский,Московская,3.0,евроремонт,нет,12,60.0227,30.1552,20.99,2017,7,0,0,1,0,1,0,2,2015,0,526.810551558753,1.0,1,0,1,2,0,1,41.7,0,62.97
95801.0,74.5,1,18,25,Московский,Чернышевская,3.8,без ремонта,частично,8,59.8778,30.296,6.37,2020,4,1,1,1,0,1,0,1,1995,2,1285.9194630872482,0.72,1,0,1,4,1,0,74.5,0,24.206
101548.0,63.7,2,2,6,Центральный,Спортивная,3.3,евроремонт,полностью,12,59.9241,30.3156,0.82,2004,20,1,1,1,0,1,0,5,2015,5,1594.160125588697,0.3333333333333333,0,1,0,4,0,1,127.4,0,2.7059999999999995
44485.0,24.9,3,5,6,Адмиралтейский,Чернышевская,3.4,евроремонт,нет,8,59.9403,30.2969,2.8,1957,67,1,1,1,0,0,0,1,2015,0,1786.5461847389558,0.8333333333333334,0,1,1,3,1,0,74.69999999999999,0,9.52
80922.0,50.8,1,2,5,Центральный,Площадь Восстания,2.9,косметический,частично,8,59.9399,30.3345,1.95,2006,18,1,1,1,0,0,0,1,2005,2,1592.9527559055118,0.4,0,1,0,3,1,0,50.8,0,5.654999999999999
20000.0,22.9,4,1,5,Адмиралтейский,Ладожская,11.3,косметический,полностью,2,59.8954,30.297,4.61,1972,52,0,0,1,1,1,0,4,2005,5,873.3624454148472,0.2,0,0,0,3,0,1,91.6,0,52.093
20000.0,24.9,1,4,5,Калининский,Петроградская,3.0,евроремонт,частично,1,60.0032,30.3997,12.01,2012,12,1,0,1,0,0,0,2,2015,2,803.2128514056226,0.8,1,0,1,2,0,1,24.9,0,36.03
75035.0,63.0,2,4,9,Приморский,Петроградская,3.1,косметический,нет,8,59.9954,30.1412,21.13,2002,22,1,0,1,0,1,1,2,2005,0,1191.031746031746,0.4444444444444444,0,0,0,4,1,0,126.0,0,65.503
45167.0,60.7,2,1,12,Московский,Ладожская,4.5,без ремонта,частично,6,59.8772,30.329,5.94,1963,61,0,0,1,0,0,0,4,1995,2,744.1021416803953,0.08333333333333333,0,0,0,1,1,0,121.4,0,26.73
56442.0,35.9,2,8,9,Калининский,Петроградская,7.1,дизайнерский,полностью,8,59.9769,30.3973,10.03,1998,26,1,0,1,0,1,0,2,2020,5,1572.200557103064,0.8888888888888888,0,0,1,3,1,0,71.8,0,71.213
68739.0,49.0,1,7,9,Московский,Петроградская,2.0,косметический,полностью,6,59.8982,30.3123,3.63,1984,40,0,0,0,0,0,1,2,2005,5,1402.8367346938776,0.7777777777777778,0,0,1,1,1,0,49.0,0,7.26
20000.0,39.6,1,5,12,Московский,Спортивная,19.2,дизайнерский,частично,3,59.8663,30.3294,7.15,2006,18,1,0,1,0,1,0,5,2020,2,505.050505050505,0.4166666666666667,0,0,0,3,0,0,39.6,0,137.28
63706.0,45.9,1,5,5,Центральный,Площадь Восстания,1.5,евроремонт,полностью,3,59.9156,30.3294,1.91,1953,71,1,0,1,1,1,1,1,2015,5,1387.930283224401,1.0,0,1,1,5,0,0,45.9,0,2.8649999999999998
24392.0,53.5,2,3,25,Приморский,Чернышевская,12.2,евроремонт,частично,1,59.9855,30.1478,20.09,2014,10,0,0,1,0,0,0,1,2015,2,455.9252336448598,0.12,1,0,0,1,0,1,107.0,0,245.09799999999998
107009.0,59.7,2,3,6,Адмиралтейский,Невский проспект,4.1,косметический,частично,8,59.8978,30.2886,4.99,2004,20,1,1,1,0,1,1,2,2005,2,1792.4455611390283,0.5,0,0,0,5,1,0,119.4,0,20.459
31800.0,44.9,2,4,9,Калининский,Московская,3.0,евроремонт,нет,12,60.0123,30.3857,11.68,1977,47,1,1,1,0,1,1,2,2015,0,708.2405345211581,0.4444444444444444,0,0,0,5,0,1,89.8,0,35.04
59032.0,40.7,2,2,5,Центральный,Невский проспект,1.2,евроремонт,нет,1,59.9317,30.2976,2.49,2019,5,1,0,1,0,0,1,2,2015,0,1450.4176904176902,0.4,1,1,0,3,0,1,81.4,1,2.988
31977.0,42.8,3,1,12,Фрунзенский,Комендантский проспект,4.6,косметический,частично,11,59.8429,30.3642,10.84,1966,58,0,0,1,0,1,0,5,2005,2,747.1261682242991,0.08333333333333333,0,0,0,2,0,0,128.39999999999998,0,49.864
36481.0,36.7,1,1,5,Адмиралтейский,Ладожская,1.3,евроремонт,частично,10,59.9316,30.2893,3.41,2003,21,1,1,1,0,1,0,4,2015,2,994.0326975476838,0.2,0,0,0,4,0,0,36.7,0,4.433000000000001
28035.0,41.1,2,6,12,Фрунзенский,Проспект Ветеранов,3.3,косметический,полностью,11,59.8276,30.3992,14.37,2021,3,0,0,0,0,0,0,1,2005,5,682.1167883211679,0.5,1,0,0,0,0,0,82.2,0,47.42099999999999
52700.0,57.0,2,2,5,Центральный,Площадь Восстания,12.0,косметический,нет,10,59.9544,30.3144,2.78,1997,27,0,0,1,0,0,1,1,2005,0,924.561403508772,0.4,0,1,0,2,0,0,114.0,0,33.36
40166.0,49.4,1,2,12,Приморский,Проспект Ветеранов,7.5,дизайнерский,частично,7,60.0116,30.1371,22.23,2007,17,0,0,1,0,1,0,1,2020,2,813.0769230769231,0.16666666666666666,0,0,0,2,1,0,49.4,0,166.725
29655.0,52.6,2,5,25,Приморский,Московская,9.6,косметический,частично,10,60.0145,30.1317,22.91,2018,6,0,1,1,0,0,1,2,2005,2,563.7832699619772,0.2,1,0,0,3,0,0,105.2,0,219.936
54594.0,71.8,1,9,9,Петроградский,Московская,2.0,без ремонта,частично,3,59.9571,30.3086,3.26,2017,7,1,0,1,0,0,0,2,1995,2,760.3621169916435,1.0,1,0,1,2,0,0,71.8,0,6.52
20000.0,20.0,2,1,5,Кировский,Ладожская,2.0,без ремонта,полностью,1,59.879,30.2438,10.17,1968,56,0,0,1,0,1,0,4,1995,5,1000.0,0.2,0,0,0,2,0,1,40.0,0,20.34
60613.0,59.3,1,5,7,Адмиралтейский,Чернышевская,1.0,дизайнерский,частично,1,59.8978,30.2984,4.3,1928,96,0,0,1,0,0,0,1,2020,2,1022.141652613828,0.7142857142857143,0,0,1,1,0,1,59.3,0,4.3
53768.0,28.6,1,2,5,Центральный,Невский проспект,1.7,косметический,частично,8,59.9218,30.3054,1.86,1977,47,0,0,0,0,0,0,2,2005,2,1880.0,0.4,0,1,0,0,1,0,28.6,0,3.162
51274.0,66.1,1,7,9,Василеостровский,Площадь Восстания,18.3,косметический,частично,4,59.9229,30.2337,9.61,1998,26,1,1,1,1,0,0,1,2005,2,775.7034795763994,0.7777777777777778,0,0,1,4,0,0,66.1,0,175.863
52860.0,47.5,2,1,5,Адмиралтейский,Проспект Ветеранов,2.2,косметический,частично,9,59.9034,30.2841,4.96,2021,3,1,0,1,0,0,0,1,2005,2,1112.842105263158,0.2,1,0,0,2,0,0,95.0,0,10.912
50164.0,50.5,1,2,5,Центральный,Проспект Ветеранов,4.6,косметический,частично,3,59.9389,30.2962,2.82,1892,132,1,0,1,0,1,0,1,2005,2,993.3465346534654,0.4,0,1,0,3,0,0,50.5,0,12.971999999999998
32722.0,41.1,1,5,9,Кировский,Спортивная,16.2,евроремонт,нет,7,59.8593,30.2342,12.34,2000,24,0,0,1,0,0,0,5,2015,0,796.1557177615572,0.5555555555555556,0,0,0,1,1,0,41.1,0,199.908
20000.0,28.3,3,1,5,Фрунзенский,Площадь Восстания,20.0,косметический,частично,11,59.8449,30.3563,10.27,1962,62,1,1,1,0,1,0,1,2005,2,706.7137809187279,0.2,0,0,0,4,0,0,84.9,0,205.39999999999998
44314.0,55.0,3,4,12,Московский,Спортивная,6.7,косметический,нет,7,59.8685,30.3045,7.04,2009,15,1,1,0,0,0,1,5,2005,0,805.709090909091,0.3333333333333333,0,0,0,3,1,0,165.0,0,47.168
48053.0,48.4,2,3,9,Кировский,Гостиный двор,7.2,евроремонт,полностью,3,59.8804,30.2488,9.63,1987,37,0,0,0,0,1,0,1,2015,5,992.8305785123968,0.3333333333333333,0,0,0,1,0,0,96.8,0,69.33600000000001
76231.0,51.4,1,1,6,Центральный,Петроградская,4.5,евроремонт,полностью,7,59.9271,30.2983,2.44,1993,31,0,1,0,0,0,0,2,2015,5,1483.0933852140079,0.16666666666666666,0,1,0,1,1,0,51.4,0,10.98
21886.0,21.6,1,7,9,Петроградский,Проспект Ветеранов,2.0,без ремонта,частично,11,59.9456,30.319,1.74,1976,48,1,0,1,1,1,0,1,1995,2,1013.2407407407406,0.7777777777777778,0,1,1,4,0,0,21.6,0,3.48
62474.0,44.1,2,6,12,Петроградский,Площадь Восстания,2.0,без ремонта,частично,4,59.9714,30.325,4.63,1961,63,1,0,1,0,1,0,1,1995,2,1416.643990929705,0.5,0,0,0,3,0,0,88.2,0,9.26
24360.0,31.8,1,2,12,Московский,Спортивная,2.3,косметический,частично,2,59.894,30.3144,4.04,1993,31,0,0,1,0,1,1,5,2005,2,766.0377358490566,0.16666666666666666,0,0,0,3,0,1,31.8,0,9.292
42716.0,47.1,2,12,12,Приморский,Петроградская,25.0,дизайнерский,частично,3,59.9917,30.1548,19.58,1995,29,0,0,0,1,1,0,2,2020,2,906.9214437367303,1.0,0,0,1,2,0,0,94.2,0,489.49999999999994
32410.0,61.9,3,13,25,Приморский,Московская,19.0,косметический,частично,1,60.0173,30.1428,21.93,2007,17,1,0,1,0,0,0,2,2005,2,523.5864297253635,0.52,0,0,0,2,0,1,185.7,0,416.67
25759.0,55.7,1,4,5,Калининский,Проспект Ветеранов,3.0,косметический,частично,1,59.9877,30.3864,9.76,2005,19,1,1,1,0,0,0,1,2005,2,462.45960502693,0.8,0,0,1,3,0,1,55.7,0,29.28
79450.0,63.3,2,5,7,Центральный,Невский проспект,3.3,косметический,нет,2,59.9377,30.3158,0.97,1897,127,1,1,1,0,0,1,2,2005,0,1255.134281200632,0.7142857142857143,0,1,1,4,0,1,126.6,0,3.2009999999999996
47792.0,34.7,1,1,5,Василеостровский,Площадь Восстания,9.5,евроремонт,частично,7,59.9249,30.2672,5.89,2014,10,1,1,1,0,0,0,1,2015,2,1377.2910662824206,0.2,1,0,0,3,1,0,34.7,0,55.955
72871.0,58.6,3,4,5,Центральный,Спортивная,3.0,косметический,частично,12,59.9076,30.3404,3.36,1936,88,0,1,0,1,0,0,5,2005,2,1243.5324232081912,0.8,0,0,1,2,0,1,175.8,0,10.08
54033.0,49.6,2,6,6,Центральный,Площадь Восстания,9.2,евроремонт,нет,4,59.9517,30.2993,3.33,2022,2,0,0,1,0,0,0,1,2015,0,1089.375,1.0,1,0,1,1,0,0,99.2,0,30.636
41383.0,76.9,3,6,9,Фрунзенский,Проспект Ветеранов,20.0,без ремонта,частично,8,59.825,30.3848,13.69,1986,38,0,0,1,0,0,0,1,1995,2,538.1404421326398,0.6666666666666666,0,0,0,1,1,0,230.70000000000002,0,273.8
20000.0,20.0,1,4,5,Петроградский,Проспект Ветеранов,2.0,без ремонта,частично,4,59.9662,30.2828,5.76,2011,13,0,0,1,0,1,1,1,1995,2,1000.0,0.8,1,0,1,3,0,0,20.0,0,11.52
28127.0,41.7,1,4,9,Приморский,Невский проспект,8.8,без ремонта,полностью,8,60.0228,30.1617,20.37,1994,30,1,0,1,0,0,0,2,1995,5,674.5083932853717,0.4444444444444444,0,0,0,2,1,0,41.7,0,179.25600000000003
75270.0,46.0,2,1,9,Центральный,Спортивная,3.6,косметический,частично,4,59.9257,30.3153,0.71,1996,28,1,1,1,0,0,0,5,2005,2,1636.304347826087,0.1111111111111111,0,1,0,3,0,0,92.0,0,2.556
133633.0,89.0,3,9,9,Василеостровский,Московская,2.0,дизайнерский,частично,5,59.9626,30.2472,8.86,1932,92,0,0,1,0,0,0,2,2020,2,1501.4943820224719,1.0,0,0,1,1,0,0,267.0,0,17.72
20000.0,42.3,1,1,12,Калининский,Гостиный двор,14.4,косметический,частично,12,60.0152,30.3819,11.69,1974,50,0,0,1,0,0,0,1,2005,2,472.8132387706856,0.08333333333333333,0,0,0,1,0,1,42.3,0,168.33599999999998
123796.0,49.5,2,3,9,Петроградский,Спортивная,13.8,евроремонт,частично,6,59.9451,30.2999,2.79,1919,105,1,0,1,0,0,1,5,2015,2,2500.929292929293,0.3333333333333333,0,1,0,3,1,0,99.0,0,38.502
20000.0,25.5,1,2,9,Петроградский,Площадь Восстания,20.0,без ремонта,нет,5,59.9503,30.2867,4.33,1935,89,1,1,1,0,0,0,1,1995,0,784.3137254901961,0.2222222222222222,0,0,0,3,0,0,25.5,0,86.6
68299.0,51.6,1,6,6,Адмиралтейский,Невский проспект,3.1,косметический,полностью,3,59.9287,30.2661,5.99,1944,80,1,0,1,0,0,0,2,2005,5,1323.624031007752,1.0,0,0,1,2,0,0,51.6,0,18.569000000000003
37684.0,45.2,1,4,12,Московский,Гостиный двор,2.6,без ремонта,частично,12,59.8783,30.3218,5.75,2017,7,0,0,1,0,1,0,1,1995,2,833.716814159292,0.3333333333333333,1,0,0,2,0,1,45.2,0,14.950000000000001
20000.0,29.9,1,10,16,Московский,Петроградская,20.0,без ремонта,частично,8,59.8728,30.339,6.69,1988,36,0,0,1,0,1,0,2,1995,2,668.8963210702342,0.625,0,0,0,2,1,0,29.9,0,133.8
48752.0,45.4,1,2,6,Адмиралтейский,Спортивная,3.6,косметический,нет,4,59.8967,30.2635,7.28,1986,38,1,0,0,0,0,0,5,2005,0,1073.8325991189427,0.3333333333333333,0,0,0,1,0,0,45.4,0,26.208000000000002
49894.0,72.1,1,10,12,Приморский,Спортивная,3.0,дизайнерский,частично,4,60.0079,30.1382,21.96,2015,9,1,0,1,0,0,0,5,2020,2,692.0110957004161,0.8333333333333334,1,0,1,2,0,0,72.1,0,65.88
24677.0,36.6,2,5,9,Калининский,Проспект Ветеранов,3.0,косметический,частично,2,60.0203,30.4182,14.81,2009,15,0,0,1,0,0,0,1,2005,2,674.2349726775956,0.5555555555555556,0,0,0,1,0,1,73.2,0,44.43
24757.0,46.3,2,1,9,Невский,Невский проспект,20.0,косметический,нет,8,59.9391,30.51,21.12,1962,62,1,0,1,1,0,0,2,2005,0,534.7084233261339,0.1111111111111111,0,0,0,3,1,0,92.6,0,422.40000000000003
35898.0,41.3,2,9,25,Приморский,Чернышевская,3.0,косметический,частично,7,60.0241,30.1446,22.1,2002,22,1,1,1,0,0,0,1,2005,2,869.2009685230025,0.36,0,0,0,3,1,0,82.6,0,66.30000000000001
34150.0,46.3,2,19,25,Приморский,Проспект Ветеранов,15.0,дизайнерский,полностью,4,60.0055,30.1348,22.2,2017,7,0,0,0,0,1,0,1,2020,5,737.5809935205184,0.76,1,0,1,1,0,0,92.6,0,333.0
68470.0,68.4,2,7,7,Центральный,Проспект Ветеранов,1.0,без ремонта,частично,1,59.9499,30.3032,2.89,2006,18,0,0,1,0,1,1,1,1995,2,1001.0233918128654,1.0,0,1,1,3,0,1,136.8,0,2.89
38376.0,30.0,1,4,9,Петроградский,Петроградская,4.2,косметический,частично,5,59.961,30.2832,5.34,1992,32,1,1,1,0,1,0,2,2005,2,1279.2,0.4444444444444444,0,0,0,4,0,0,30.0,0,22.428
59390.0,43.7,2,4,5,Фрунзенский,Гостиный двор,2.0,косметический,частично,7,59.8452,30.3618,10.5,1962,62,0,0,1,1,1,0,1,2005,2,1359.0389016018305,0.8,0,0,1,3,1,0,87.4,0,21.0
68056.0,38.6,2,4,9,Петроградский,Петроградская,2.0,дизайнерский,нет,8,59.9743,30.2929,5.77,1993,31,1,0,1,0,1,0,2,2020,0,1763.1088082901554,0.4444444444444444,0,0,0,3,1,0,77.2,0,11.54
20000.0,29.1,1,5,16,Приморский,Проспект Ветеранов,7.2,косметический,полностью,1,59.9922,30.1455,20.56,2002,22,0,0,1,0,0,0,1,2005,5,687.2852233676975,0.3125,0,0,0,1,0,1,29.1,0,148.03199999999998
41174.0,42.1,2,5,9,Кировский,Невский проспект,8.2,косметический,полностью,5,59.8813,30.2498,9.48,2013,11,1,0,1,0,1,0,2,2005,5,978.0047505938242,0.5555555555555556,1,0,0,3,0,0,84.2,0,77.73599999999999
31838.0,62.5,2,6,12,Невский,Комендантский проспект,3.8,косметический,частично,2,59.9462,30.5112,21.3,1972,52,1,0,1,0,0,0,5,2005,2,509.408,0.5,0,0,0,2,0,1,125.0,0,80.94
80671.0,51.2,1,4,5,Центральный,Чернышевская,1.5,косметический,нет,8,59.9395,30.3312,1.63,1973,51,1,0,1,1,0,0,1,2005,0,1575.60546875,0.8,0,1,1,3,1,0,51.2,0,2.445
20000.0,20.0,1,5,5,Василеостровский,Гостиный двор,6.5,косметический,частично,9,59.9319,30.226,10.43,1983,41,1,0,1,0,0,0,1,2005,2,1000.0,1.0,0,0,1,2,0,0,20.0,0,67.795
44113.0,67.4,1,9,12,Невский,Невский проспект,2.0,без ремонта,нет,12,59.9464,30.4829,18.17,1983,41,0,1,1,1,1,0,2,1995,0,654.4955489614243,0.75,0,0,1,4,0,1,67.4,0,36.34
38108.0,36.6,1,4,5,Адмиралтейский,Площадь Восстания,1.8,косметический,частично,3,59.8994,30.2997,4.08,1943,81,0,0,1,0,1,0,1,2005,2,1041.2021857923496,0.8,0,0,1,2,0,0,36.6,0,7.344
53277.0,53.6,4,7,9,Приморский,Комендантский проспект,20.8,евроремонт,частично,7,59.9753,30.1532,19.18,2011,13,1,1,1,0,0,0,5,2015,2,993.973880597015,0.7777777777777778,1,0,1,3,1,0,214.4,0,398.944
20000.0,27.9,2,1,9,Кировский,Проспект Ветеранов,3.9,косметический,частично,6,59.8846,30.2618,8.19,1966,58,1,0,1,0,0,0,1,2005,2,716.8458781362008,0.1111111111111111,0,0,0,2,1,0,55.8,0,31.941
74692.0,63.1,2,9,9,Петроградский,Петроградская,20.0,косметический,частично,3,59.9837,30.2978,6.45,2019,5,0,0,1,0,0,0,2,2005,2,1183.7083993660856,1.0,1,0,1,1,0,0,126.2,0,129.0
54739.0,59.5,1,8,9,Кировский,Комендантский проспект,2.0,евроремонт,частично,2,59.8604,30.2716,9.41,1981,43,1,0,0,0,0,0,5,2015,2,919.9831932773109,0.8888888888888888,0,0,1,1,0,1,59.5,0,18.82
112101.0,75.6,3,6,7,Центральный,Ладожская,4.6,евроремонт,частично,4,59.9456,30.2969,3.09,1988,36,0,0,1,0,1,0,4,2015,2,1482.8174603174605,0.8571428571428571,0,0,1,2,0,0,226.79999999999998,0,14.213999999999999
89449.0,61.3,2,2,5,Петроградский,Петроградская,12.5,косметический,частично,6,59.9591,30.2872,4.86,1989,35,1,0,1,0,0,0,2,2005,2,1459.2006525285483,0.4,0,0,0,2,1,0,122.6,0,60.75000000000001
33904.0,38.5,4,3,6,Адмиралтейский,Московская,12.0,евроремонт,частично,2,59.9195,30.2809,4.5,1907,117,1,0,1,0,0,0,2,2015,2,880.6233766233767,0.5,0,0,0,2,0,1,154.0,0,54.0
60963.0,42.5,2,5,9,Петроградский,Площадь Восстания,4.4,косметический,полностью,11,59.9856,30.3121,6.23,1911,113,1,0,0,0,0,1,1,2005,5,1434.4235294117648,0.5555555555555556,0,0,0,2,0,0,85.0,0,27.412000000000003
58277.0,65.5,2,9,9,Калининский,Гостиный двор,13.8,косметический,нет,6,60.0103,30.4123,13.58,2016,8,1,0,1,0,0,0,1,2005,0,889.7251908396946,1.0,1,0,1,2,1,0,131.0,0,187.40400000000002
22701.0,24.9,1,5,6,Центральный,Ладожская,2.9,косметический,полностью,3,59.9486,30.3094,2.37,1923,101,0,0,0,0,0,0,4,2005,5,911.6867469879519,0.8333333333333334,0,1,1,0,0,0,24.9,0,6.873
21388.0,40.7,1,3,12,Фрунзенский,Площадь Восстания,6.5,косметический,частично,2,59.8271,30.3862,13.58,1988,36,0,1,0,0,1,1,1,2005,2,525.5036855036855,0.25,0,0,0,3,0,1,40.7,0,88.27
37272.0,42.2,3,8,9,Василеостровский,Московская,9.6,косметический,частично,12,59.962,30.2375,9.82,1952,72,1,1,1,0,1,0,2,2005,2,883.2227488151658,0.8888888888888888,0,0,1,4,0,1,126.60000000000001,0,94.272
83672.0,80.5,1,2,9,Адмиралтейский,Площадь Восстания,1.8,без ремонта,полностью,7,59.9035,30.2866,4.73,2010,14,1,1,1,0,1,0,1,1995,5,1039.4037267080746,0.2222222222222222,1,0,0,4,1,0,80.5,0,8.514000000000001
42587.0,44.9,1,2,5,Адмиралтейский,Комендантский проспект,3.3,косметический,полностью,8,59.9055,30.2709,6.09,1975,49,1,0,0,0,1,0,5,2005,5,948.4855233853007,0.4,0,0,0,2,1,0,44.9,0,20.096999999999998
20235.0,20.0,1,4,6,Адмиралтейский,Московская,1.0,косметический,полностью,3,59.9335,30.2861,3.78,1995,29,1,0,0,0,1,0,2,2005,5,1011.75,0.6666666666666666,0,0,0,2,0,0,20.0,0,3.78
55695.0,41.7,2,3,9,Фрунзенский,Невский проспект,11.8,косметический,частично,10,59.8363,30.3705,11.81,2016,8,1,0,1,0,1,0,2,2005,2,1335.6115107913668,0.3333333333333333,1,0,0,3,0,0,83.4,0,139.358
28202.0,27.1,2,4,16,Московский,Петроградская,3.6,косметический,частично,3,59.895,30.3188,3.89,2015,9,0,0,0,0,1,1,2,2005,2,1040.6642066420663,0.25,1,0,0,2,0,0,54.2,0,14.004000000000001
20000.0,21.6,2,3,6,Центральный,Петроградская,1.1,без ремонта,нет,3,59.9215,30.3218,0.97,1943,81,1,0,0,0,1,0,2,1995,0,925.9259259259259,0.5,0,1,0,2,0,0,43.2,0,1.067
49634.0,46.4,2,9,9,Московский,Ладожская,4.2,евроремонт,нет,4,59.8888,30.3011,5.03,2011,13,0,1,1,0,0,1,4,2015,0,1069.698275862069,1.0,1,0,1,3,0,0,92.8,0,21.126
32821.0,44.4,1,6,9,Фрунзенский,Комендантский проспект,2.0,евроремонт,частично,7,59.832,30.3668,12.06,1994,30,1,0,1,0,0,1,5,2015,2,739.2117117117117,0.6666666666666666,0,0,0,3,1,0,44.4,0,24.12
20000.0,27.8,1,5,5,Калининский,Площадь Восстания,16.6,косметический,частично,10,60.0003,30.4094,12.62,1988,36,1,0,1,0,1,0,1,2005,2,719.4244604316547,1.0,0,0,1,3,0,0,27.8,0,209.49200000000002
26301.0,20.0,2,9,16,Московский,Невский проспект,2.0,евроремонт,частично,5,59.9138,30.3272,1.97,1965,59,0,1,1,0,0,0,2,2015,2,1315.05,0.5625,0,1,0,2,0,0,40.0,0,3.94
44386.0,55.5,2,2,9,Московский,Проспект Ветеранов,16.3,евроремонт,полностью,4,59.8937,30.3172,4.04,1965,59,0,0,1,0,0,1,1,2015,5,799.7477477477478,0.2222222222222222,0,0,0,2,0,0,111.0,0,65.852
78933.0,57.2,1,2,5,Центральный,Ладожская,1.7,косметический,частично,9,59.9297,30.339,2.11,2006,18,1,1,1,0,0,1,4,2005,2,1379.9475524475524,0.4,0,1,0,4,0,0,57.2,0,3.5869999999999997
20000.0,25.7,2,3,25,Приморский,Проспект Ветеранов,18.6,евроремонт,частично,1,59.9841,30.1721,17.48,2003,21,1,0,1,0,1,0,1,2015,2,778.2101167315176,0.12,0,0,0,3,0,1,51.4,0,325.12800000000004
40164.0,67.5,1,2,12,Фрунзенский,Площадь Восстания,5.5,косметический,частично,11,59.8598,30.3722,9.71,1994,30,1,0,1,0,0,0,1,2005,2,595.0222222222222,0.16666666666666666,0,0,0,2,0,0,67.5,0,53.405
60118.0,57.7,1,4,7,Центральный,Спортивная,4.6,без ремонта,частично,5,59.9343,30.304,1.84,1996,28,1,1,0,0,1,0,5,1995,2,1041.9064124783363,0.5714285714285714,0,1,0,3,0,0,57.7,0,8.464
20000.0,20.0,2,7,9,Калининский,Площадь Восстания,6.8,косметический,частично,2,59.9846,30.3775,8.8,1981,43,0,1,1,0,0,0,1,2005,2,1000.0,0.7777777777777778,0,0,1,2,0,1,40.0,0,59.84
68011.0,47.5,2,5,5,Петроградский,Площадь Восстания,3.3,косметический,нет,7,59.981,30.2797,7.21,1996,28,1,1,1,0,0,0,1,2005,0,1431.8105263157895,1.0,0,0,1,3,1,0,95.0,0,23.793
70751.0,60.4,2,1,5,Петроградский,Проспект Ветеранов,2.0,евроремонт,нет,3,59.9717,30.2849,6.05,1989,35,1,0,0,0,0,0,1,2015,0,1171.3741721854306,0.2,0,0,0,1,0,0,120.8,0,12.1
58898.0,22.2,4,5,9,Центральный,Гостиный двор,1.3,косметический,частично,6,59.9472,30.3166,1.95,2008,16,0,1,1,0,0,0,1,2005,2,2653.063063063063,0.5555555555555556,0,1,0,2,1,0,88.8,0,2.535
22433.0,30.8,1,6,7,Центральный,Ладожская,12.0,без ремонта,полностью,10,59.9243,30.3307,1.35,1982,42,1,0,0,0,0,0,4,1995,5,728.3441558441558,0.8571428571428571,0,1,1,1,0,0,30.8,0,16.200000000000003
20000.0,20.0,1,11,12,Фрунзенский,Спортивная,7.6,евроремонт,частично,4,59.8582,30.3721,9.85,1963,61,1,0,1,0,0,0,5,2015,2,1000.0,0.9166666666666666,0,0,1,2,0,0,20.0,0,74.86
34171.0,59.5,1,5,5,Невский,Ладожская,2.7,евроремонт,полностью,3,59.9395,30.5192,22.14,2012,12,1,0,1,0,0,0,4,2015,5,574.3025210084033,1.0,1,0,1,2,0,0,59.5,0,59.778000000000006
26122.0,31.0,1,1,5,Калининский,Комендантский проспект,4.5,без ремонта,частично,6,59.9751,30.3966,9.87,1989,35,1,1,1,1,0,1,5,1995,2,842.6451612903226,0.2,0,0,0,5,1,0,31.0,0,44.415
59589.0,69.0,1,5,6,Центральный,Невский проспект,1.9,без ремонта,нет,1,59.9098,30.3425,3.36,2007,17,0,0,0,1,0,0,2,1995,0,863.6086956521739,0.8333333333333334,0,0,1,1,0,1,69.0,0,6.3839999999999995
20700.0,33.0,2,2,5,Фрунзенский,Проспект Ветеранов,3.5,косметический,полностью,11,59.8571,30.3688,9.74,2011,13,1,0,1,0,1,0,1,2005,5,627.2727272727273,0.4,1,0,0,3,0,0,66.0,0,34.09
29324.0,20.0,4,2,5,Адмиралтейский,Петроградская,1.0,косметический,частично,9,59.8989,30.3017,4.01,2002,22,0,0,1,0,0,0,2,2005,2,1466.2,0.4,0,0,0,1,0,0,80.0,0,4.01
20634.0,25.7,1,2,5,Петроградский,Невский проспект,20.0,косметический,полностью,5,59.9685,30.3227,4.29,1987,37,0,1,0,0,1,0,2,2005,5,802.8793774319066,0.4,0,0,0,2,0,0,25.7,0,85.8
20000.0,30.3,2,8,16,Приморский,Спортивная,9.7,евроремонт,частично,2,60.0041,30.1374,21.87,2015,9,0,1,1,0,1,0,5,2015,2,660.0660066006601,0.5,1,0,0,3,0,1,60.6,0,212.13899999999998
38527.0,33.2,1,6,9,Адмиралтейский,Гостиный двор,2.2,косметический,частично,8,59.9119,30.2557,7.41,1993,31,0,1,1,0,0,0,1,2005,2,1160.4518072289156,0.6666666666666666,0,0,0,2,1,0,33.2,0,16.302000000000003
43916.0,45.4,2,5,9,Московский,Чернышевская,5.1,без ремонта,нет,9,59.8822,30.3071,5.5,1967,57,0,0,1,0,0,0,1,1995,0,967.3127753303966,0.5555555555555556,0,0,0,1,0,0,90.8,0,28.049999999999997
44083.0,54.9,2,1,9,Адмиралтейский,Проспект Ветеранов,1.0,без ремонта,частично,3,59.9375,30.2903,3.4,1993,31,0,1,1,0,0,0,1,1995,2,802.9690346083789,0.1111111111111111,0,0,0,2,0,0,109.8,0,3.4
45134.0,66.5,1,11,16,Приморский,Комендантский проспект,11.7,косметический,частично,3,60.0247,30.1728,19.43,1991,33,1,1,1,0,0,0,5,2005,2,678.7067669172932,0.6875,0,0,0,3,0,0,66.5,0,227.331
31395.0,53.6,1,7,9,Приморский,Ладожская,3.8,косметический,полностью,10,60.0141,30.1515,20.9,2012,12,0,0,1,0,0,0,4,2005,5,585.7276119402985,0.7777777777777778,1,0,1,1,0,0,53.6,0,79.41999999999999
39277.0,55.2,3,6,12,Василеостровский,Петроградская,2.0,без ремонта,нет,12,59.943,30.2378,9.24,1951,73,0,1,0,0,1,0,2,1995,0,711.5398550724638,0.5,0,0,0,2,0,1,165.60000000000002,0,18.48
37866.0,72.8,1,2,5,Адмиралтейский,Ладожская,2.6,косметический,нет,9,59.9424,30.2584,6.97,2000,24,1,1,1,0,1,0,4,2005,0,520.1373626373627,0.4,0,0,0,4,0,0,72.8,0,18.122
30318.0,29.7,1,3,5,Центральный,Гостиный двор,5.8,косметический,нет,4,59.9269,30.3147,0.68,1995,29,1,0,1,0,0,0,1,2005,0,1020.8080808080808,0.6,0,1,0,2,0,0,29.7,0,3.944
36151.0,45.5,2,1,9,Василеостровский,Гостиный двор,2.0,косметический,нет,2,59.9583,30.25,8.38,1986,38,1,0,1,0,0,1,1,2005,0,794.5274725274726,0.1111111111111111,0,0,0,3,0,1,91.0,0,16.76
20000.0,31.9,1,2,9,Фрунзенский,Комендантский проспект,20.0,косметический,частично,12,59.864,30.368,9.06,1993,31,1,0,1,0,1,0,5,2005,2,626.9592476489029,0.2222222222222222,0,0,0,3,0,1,31.9,0,181.20000000000002
56221.0,58.3,1,9,9,Калининский,Площадь Восстания,5.5,евроремонт,частично,10,59.9906,30.4069,11.76,1981,43,1,0,1,0,0,0,1,2015,2,964.3396226415094,1.0,0,0,1,2,0,0,58.3,0,64.67999999999999
44868.0,65.7,3,2,9,Невский,Московская,20.0,косметический,полностью,9,59.9296,30.5134,21.47,1988,36,1,0,1,0,1,0,2,2005,5,682.9223744292237,0.2222222222222222,0,0,0,3,0,0,197.10000000000002,0,429.4
40313.0,41.3,2,3,12,Калининский,Гостиный двор,3.0,косметический,частично,7,59.9988,30.4161,13.12,1988,36,1,1,1,0,1,0,1,2005,2,976.1016949152543,0.25,0,0,0,4,1,0,82.6,0,39.36
60473.0,41.9,3,1,6,Центральный,Московская,4.2,косметический,нет,9,59.9321,30.3334,1.51,1977,47,0,1,0,0,0,0,2,2005,0,1443.2696897374701,0.16666666666666666,0,1,0,1,0,0,125.69999999999999,0,6.3420000000000005
77050.0,72.7,3,3,5,Василеостровский,Площадь Восстания,2.0,косметический,частично,3,59.9615,30.2642,7.11,1983,41,0,1,1,0,0,0,1,2005,2,1059.834938101788,0.6,0,0,0,2,0,0,218.10000000000002,0,14.22
68890.0,46.3,2,2,7,Адмиралтейский,Чернышевская,2.5,косметический,частично,10,59.9389,30.2932,3.13,1903,121,1,0,1,0,1,0,1,2005,2,1487.9049676025918,0.2857142857142857,0,0,0,3,0,0,92.6,0,7.824999999999999
35926.0,20.0,1,4,5,Центральный,Комендантский проспект,1.0,евроремонт,нет,6,59.9131,30.3448,3.33,1982,42,1,1,1,0,0,0,5,2015,0,1796.3,0.8,0,0,1,3,1,0,20.0,0,3.33
61351.0,39.9,2,9,12,Калининский,Гостиный двор,3.0,дизайнерский,нет,7,59.9934,30.4046,11.73,1978,46,1,0,1,1,1,0,1,2020,0,1537.6190476190477,0.75,0,0,1,4,1,0,79.8,0,35.19
25506.0,40.2,1,10,12,Приморский,Комендантский проспект,3.0,косметический,полностью,10,60.0096,30.1253,23.36,2002,22,1,0,1,0,1,0,5,2005,5,634.4776119402985,0.8333333333333334,0,0,1,3,0,0,40.2,0,70.08
29612.0,34.8,2,2,5,Центральный,Невский проспект,6.9,без ремонта,частично,10,59.9439,30.3317,2.02,1937,87,1,0,1,0,0,0,2,1995,2,850.9195402298851,0.4,0,1,0,2,0,0,69.6,0,13.938
22115.0,35.5,4,4,9,Калининский,Чернышевская,3.0,без ремонта,нет,3,59.98,30.4109,11.52,2010,14,0,0,1,0,0,0,1,1995,0,622.9577464788732,0.4444444444444444,1,0,0,1,0,0,142.0,0,34.56
67036.0,53.4,3,4,9,Василеостровский,Проспект Ветеранов,9.8,косметический,полностью,6,59.9335,30.2259,10.45,1999,25,1,0,1,0,1,0,1,2005,5,1255.3558052434457,0.4444444444444444,0,0,0,3,1,0,160.2,0,102.41
37749.0,51.2,1,11,12,Приморский,Невский проспект,18.0,косметический,частично,7,59.9796,30.1473,19.95,2020,4,1,0,1,1,0,0,2,2005,2,737.28515625,0.9166666666666666,1,0,1,3,1,0,51.2,0,359.09999999999997
23914.0,30.3,2,1,9,Невский,Площадь Восстания,7.6,косметический,частично,6,59.9149,30.479,17.73,1989,35,1,0,0,0,0,0,1,2005,2,789.2409240924093,0.1111111111111111,0,0,0,1,1,0,60.6,0,134.748
27330.0,45.8,1,7,9,Калининский,Гостиный двор,8.5,евроремонт,нет,12,60.0083,30.3867,11.42,1975,49,1,1,1,0,1,0,1,2015,0,596.7248908296943,0.7777777777777778,0,0,1,4,0,1,45.8,0,97.07
95780.0,49.9,2,3,5,Центральный,Чернышевская,2.3,косметический,частично,6,59.9466,30.3416,3.02,1989,35,0,0,1,1,0,0,1,2005,2,1919.4388777555112,0.6,0,0,0,2,1,0,99.8,0,6.946
20000.0,20.8,3,7,9,Невский,Спортивная,4.6,без ремонта,полностью,8,59.9275,30.4913,19.01,1975,49,0,0,0,0,0,0,5,1995,5,961.5384615384615,0.7777777777777778,0,0,1,0,1,0,62.400000000000006,0,87.446
28583.0,38.9,2,3,5,Калининский,Чернышевская,25.0,евроремонт,полностью,11,59.9988,30.4183,13.32,1988,36,1,0,1,0,0,1,1,2015,5,734.7814910025708,0.6,0,0,0,3,0,0,77.8,0,333.0
40182.0,46.4,1,10,12,Приморский,Площадь Восстания,9.0,евроремонт,полностью,11,59.9839,30.1264,22.3,2005,19,1,1,1,1,0,0,1,2015,5,865.9913793103449,0.8333333333333334,0,0,1,4,0,0,46.4,0,200.70000000000002
20000.0,20.0,4,19,25,Приморский,Площадь Восстания,7.3,без ремонта,нет,10,60.0197,30.1396,22.36,2006,18,1,0,1,0,1,0,1,1995,0,1000.0,0.76,0,0,1,3,0,0,80.0,0,163.22799999999998
38152.0,41.5,2,3,12,Василеостровский,Площадь Восстания,2.0,евроремонт,частично,2,59.9602,30.2455,8.92,1963,61,1,1,1,0,0,0,1,2015,2,919.3253012048193,0.25,0,0,0,3,0,1,83.0,0,17.84
36269.0,51.7,1,4,9,Фрунзенский,Петроградская,20.0,косметический,полностью,7,59.8502,30.3997,12.52,1975,49,1,0,1,0,1,0,2,2005,5,701.5280464216634,0.4444444444444444,0,0,0,3,1,0,51.7,0,250.39999999999998
39995.0,50.9,1,6,9,Петроградский,Гостиный двор,2.0,косметический,частично,12,59.9756,30.3108,5.17,1986,38,1,0,1,0,1,0,1,2005,2,785.7563850687623,0.6666666666666666,0,0,0,3,0,1,50.9,0,10.34
42285.0,36.6,1,2,6,Адмиралтейский,Проспект Ветеранов,2.6,косметический,частично,3,59.9194,30.2754,5.09,2016,8,1,0,1,0,1,0,1,2005,2,1155.327868852459,0.3333333333333333,1,0,0,3,0,0,36.6,0,13.234
20000.0,24.4,2,5,12,Калининский,Невский проспект,11.5,евроремонт,нет,8,60.0127,30.376,11.09,1991,33,1,0,0,0,1,0,2,2015,0,819.672131147541,0.4166666666666667,0,0,0,2,1,0,48.8,0,127.535
42992.0,40.5,1,4,9,Московский,Площадь Восстания,2.0,без ремонта,частично,7,59.8963,30.3364,4.16,1976,48,1,0,0,0,1,0,1,1995,2,1061.530864197531,0.4444444444444444,0,0,0,2,1,0,40.5,0,8.32
49430.0,47.1,1,4,6,Адмиралтейский,Проспект Ветеранов,1.1,без ремонта,частично,7,59.9195,30.2819,4.38,1986,38,0,0,1,0,0,0,1,1995,2,1049.4692144373673,0.6666666666666666,0,0,0,1,1,0,47.1,0,4.8180000000000005
20000.0,20.0,1,2,9,Фрунзенский,Гостиный двор,2.0,косметический,нет,3,59.8499,30.3779,10.97,1968,56,1,0,1,0,0,0,1,2005,0,1000.0,0.2222222222222222,0,0,0,2,0,0,20.0,0,21.94
29189.0,40.1,1,4,12,Московский,Чернышевская,2.0,без ремонта,частично,2,59.8724,30.2998,6.78,1961,63,0,0,1,0,0,0,1,1995,2,727.9052369077307,0.3333333333333333,0,0,0,1,0,1,40.1,0,13.56
20679.0,56.8,1,3,6,Адмиралтейский,Комендантский проспект,12.0,евроремонт,нет,8,59.9056,30.2976,3.68,1977,47,0,0,0,0,1,0,5,2015,0,364.06690140845075,0.5,0,0,0,1,1,0,56.8,0,44.160000000000004
93717.0,55.1,3,5,9,Кировский,Ладожская,2.3,дизайнерский,частично,6,59.8633,30.2603,9.94,2006,18,1,0,1,0,0,1,4,2020,2,1700.852994555354,0.5555555555555556,0,0,0,3,1,0,165.3,0,22.862
39927.0,40.2,2,5,12,Московский,Петроградская,11.3,без ремонта,частично,8,59.8815,30.338,5.74,2014,10,1,0,1,0,0,1,2,1995,2,993.2089552238805,0.4166666666666667,1,0,0,3,1,0,80.4,0,64.86200000000001
34134.0,43.1,1,4,9,Адмиралтейский,Чернышевская,1.0,косметический,полностью,12,59.9325,30.26,6.67,1949,75,1,0,0,0,0,0,1,2005,5,791.9721577726218,0.4444444444444444,0,0,0,1,0,1,43.1,0,6.67
146359.0,84.6,3,1,6,Центральный,Московская,1.0,косметический,частично,12,59.9407,30.3413,2.65,2006,18,0,0,1,1,1,1,2,2005,2,1730.0118203309694,0.16666666666666666,0,1,0,4,0,1,253.79999999999998,0,2.65
51799.0,36.2,2,6,6,Центральный,Ладожская,10.4,косметический,полностью,8,59.9265,30.3155,0.63,1989,35,1,1,1,0,0,0,4,2005,5,1430.9116022099447,1.0,0,1,1,3,1,0,72.4,0,6.5520000000000005
20000.0,32.9,1,6,9,Приморский,Московская,7.9,без ремонта,полностью,11,59.9992,30.1739,17.94,2017,7,1,0,1,1,1,0,2,1995,5,607.9027355623101,0.6666666666666666,1,0,0,4,0,0,32.9,0,141.72600000000003
67659.0,58.2,3,2,9,Адмиралтейский,Невский проспект,2.0,косметический,частично,12,59.9091,30.3027,3.02,1939,85,1,0,1,1,0,0,2,2005,2,1162.5257731958761,0.2222222222222222,0,0,0,3,0,1,174.60000000000002,0,6.04
66400.0,65.7,2,6,6,Адмиралтейский,Спортивная,6.7,косметический,частично,12,59.905,30.2671,6.49,1984,40,0,1,0,0,1,0,5,2005,2,1010.6544901065448,1.0,0,0,1,2,0,1,131.4,0,43.483000000000004
58192.0,52.0,1,6,12,Московский,Чернышевская,8.5,косметический,частично,10,59.902,30.3434,4.05,2018,6,0,0,1,0,0,0,1,2005,2,1119.076923076923,0.5,1,0,0,1,0,0,52.0,0,34.425
25972.0,32.8,1,9,9,Петроградский,Проспект Ветеранов,7.4,без ремонта,частично,8,59.9668,30.2786,6.15,2009,15,0,1,1,1,0,0,1,1995,2,791.829268292683,1.0,0,0,1,3,1,0,32.8,0,45.510000000000005
23421.0,25.5,2,6,9,Центральный,Петроградская,3.6,без ремонта,частично,10,59.9302,30.3182,0.2,2004,20,1,0,1,0,0,0,2,1995,2,918.4705882352941,0.6666666666666666,0,1,0,2,0,0,51.0,0,0.7200000000000001
69740.0,73.7,1,5,7,Центральный,Ладожская,8.7,косметический,полностью,2,59.9538,30.3384,3.34,1907,117,1,0,1,0,1,0,4,2005,5,946.2686567164179,0.7142857142857143,0,0,1,3,0,1,73.7,0,29.057999999999996
20760.0,20.0,1,3,5,Петроградский,Гостиный двор,2.2,без ремонта,нет,9,59.9773,30.2948,5.95,1991,33,1,0,1,0,1,0,1,1995,0,1038.0,0.6,0,0,0,3,0,0,20.0,0,13.090000000000002
45031.0,56.1,1,2,12,Василеостровский,Московская,5.7,косметический,частично,10,59.9341,30.2329,9.68,2004,20,1,0,1,0,0,0,2,2005,2,802.6916221033867,0.16666666666666666,0,0,0,2,0,0,56.1,0,55.176
44056.0,58.8,1,5,5,Невский,Гостиный двор,7.6,косметический,частично,4,59.955,30.5085,21.11,1993,31,1,1,0,1,0,0,1,2005,2,749.2517006802722,1.0,0,0,1,3,0,0,58.8,0,160.43599999999998
55607.0,56.8,3,3,5,Кировский,Чернышевская,2.0,косметический,частично,7,59.8678,30.2557,9.93,1967,57,0,0,1,1,1,0,1,2005,2,978.9964788732395,0.6,0,0,0,3,1,0,170.39999999999998,0,19.86
26221.0,45.3,2,7,25,Приморский,Площадь Восстания,5.5,без ремонта,нет,2,60.001,30.1598,19.45,2022,2,1,0,1,0,0,0,1,1995,0,578.8300220750552,0.28,1,0,0,2,0,1,90.6,0,106.975
44731.0,58.4,1,22,25,Московский,Московская,9.3,косметический,полностью,11,59.8675,30.3194,6.94,2002,22,0,0,1,1,0,1,2,2005,5,765.9417808219179,0.88,0,0,1,3,0,0,58.4,0,64.542
64220.0,50.9,2,1,5,Центральный,Спортивная,3.0,косметический,частично,1,59.9168,30.3019,2.49,2014,10,0,0,1,1,0,0,5,2005,2,1261.6895874263262,0.2,1,1,0,2,0,1,101.8,1,7.470000000000001
20000.0,33.9,1,7,9,Калининский,Ладожская,16.5,косметический,частично,7,60.007,30.3784,10.72,2018,6,1,0,1,0,1,0,4,2005,2,589.9705014749263,0.7777777777777778,1,0,1,3,1,0,33.9,0,176.88000000000002
38006.0,39.4,3,4,25,Приморский,Гостиный двор,20.0,евроремонт,полностью,6,59.9966,30.1456,20.72,2001,23,0,1,0,0,0,0,1,2015,5,964.6192893401015,0.16,0,0,0,1,1,0,118.19999999999999,0,414.4
41541.0,36.1,1,1,5,Петроградский,Московская,2.0,евроремонт,частично,5,59.9746,30.316,4.97,1918,106,1,0,1,0,0,0,2,2015,2,1150.7202216066482,0.2,0,0,0,2,0,0,36.1,0,9.94
20000.0,20.0,2,12,16,Приморский,Невский проспект,3.7,косметический,нет,10,59.9939,30.1605,19.07,2021,3,0,1,0,0,0,0,2,2005,0,1000.0,0.75,1,0,1,1,0,0,40.0,0,70.559
31552.0,45.1,2,6,12,Приморский,Проспект Ветеранов,3.0,косметический,частично,12,60.0045,30.1565,19.94,2010,14,1,0,0,0,0,0,1,2005,2,699.6008869179601,0.5,1,0,0,1,0,1,90.2,0,59.82000000000001
86482.0,83.8,2,3,5,Петроградский,Проспект Ветеранов,5.8,косметический,частично,6,59.9851,30.282,7.43,2006,18,1,0,1,0,0,0,1,2005,2,1032.0047732696898,0.6,0,0,0,2,1,0,167.6,0,43.093999999999994
78813.0,36.9,2,2,6,Центральный,Гостиный двор,2.1,косметический,полностью,6,59.9154,30.3281,1.85,2003,21,1,0,1,0,0,0,1,2005,5,2135.8536585365855,0.3333333333333333,0,1,0,2,1,0,73.8,0,3.8850000000000002
37850.0,36.2,1,8,12,Московский,Гостиный двор,2.0,без ремонта,нет,8,59.8756,30.3406,6.45,1973,51,1,1,1,0,0,0,1,1995,0,1045.5801104972375,0.6666666666666666,0,0,0,3,1,0,36.2,0,12.9
47321.0,49.6,2,2,9,Приморский,Комендантский проспект,3.6,косметический,полностью,9,60.004,30.1559,19.98,1991,33,1,0,1,0,0,0,5,2005,5,954.0524193548387,0.2222222222222222,0,0,0,2,0,0,99.2,0,71.928
56772.0,40.6,1,6,6,Адмиралтейский,Петроградская,2.5,косметический,полностью,11,59.8987,30.2996,4.15,1958,66,1,1,1,0,1,1,2,2005,5,1398.3251231527092,1.0,0,0,1,5,0,0,40.6,0,10.375
66866.0,59.6,3,10,12,Московский,Спортивная,2.0,косметический,частично,11,59.9015,30.3366,3.66,1964,60,0,0,0,0,0,0,5,2005,2,1121.9127516778524,0.8333333333333334,0,0,1,0,0,0,178.8,0,7.32
32592.0,44.0,1,4,5,Адмиралтейский,Ладожская,12.0,косметический,полностью,7,59.9388,30.2857,3.93,1975,49,1,0,0,0,0,0,4,2005,5,740.7272727272727,0.8,0,0,1,1,1,0,44.0,0,47.160000000000004
36756.0,36.8,2,12,12,Петроградский,Ладожская,14.8,дизайнерский,частично,12,59.9484,30.3228,2.07,1965,59,1,0,1,0,1,0,4,2020,2,998.804347826087,1.0,0,1,1,3,0,1,73.6,0,30.636
46285.0,37.6,2,3,6,Центральный,Чернышевская,12.0,косметический,полностью,4,59.9425,30.3018,2.45,1983,41,1,1,1,0,1,0,1,2005,5,1230.9840425531913,0.5,0,1,0,4,0,0,75.2,0,29.400000000000002
20000.0,28.2,1,11,16,Приморский,Площадь Восстания,7.4,косметический,частично,5,60.0176,30.1333,22.89,2022,2,1,0,1,0,0,1,1,2005,2,709.2198581560284,0.6875,1,0,0,3,0,0,28.2,0,169.38600000000002
52166.0,44.1,2,5,6,Центральный,Спортивная,5.6,косметический,частично,12,59.9133,30.3339,2.41,1945,79,0,1,1,0,0,1,5,2005,2,1182.9024943310658,0.8333333333333334,0,1,1,3,0,1,88.2,0,13.496
21932.0,25.4,1,4,5,Калининский,Спортивная,3.0,косметический,нет,8,60.0076,30.3827,11.07,2015,9,1,0,0,0,0,0,5,2005,0,863.4645669291339,0.8,1,0,1,1,1,0,25.4,0,33.21
43643.0,32.5,3,6,9,Адмиралтейский,Петроградская,1.0,косметический,полностью,4,59.9336,30.2551,7.21,1905,119,0,0,1,0,0,0,2,2005,5,1342.8615384615384,0.6666666666666666,0,0,0,1,0,0,97.5,0,7.21
27978.0,45.1,2,1,5,Калининский,Проспект Ветеранов,7.1,косметический,полностью,11,59.9754,30.4108,11.27,1978,46,0,0,1,1,0,0,1,2005,5,620.3547671840355,0.2,0,0,0,2,0,0,90.2,0,80.017
39683.0,59.8,1,15,25,Приморский,Петроградская,4.7,косметический,частично,10,60.0243,30.1294,23.6,1992,32,0,0,1,0,0,0,2,2005,2,663.5953177257526,0.6,0,0,0,1,0,0,59.8,0,110.92000000000002
39634.0,32.2,3,5,5,Фрунзенский,Гостиный двор,2.0,дизайнерский,нет,10,59.8351,30.3765,12.26,2020,4,0,1,1,0,0,1,1,2020,0,1230.8695652173913,1.0,1,0,1,3,0,0,96.60000000000001,0,24.52
94435.0,46.2,1,5,5,Центральный,Чернышевская,3.4,косметический,полностью,8,59.9324,30.3348,1.67,1983,41,1,0,0,0,1,1,1,2005,5,2044.0476190476188,1.0,0,1,1,3,1,0,46.2,0,5.678
55437.0,43.7,1,7,7,Центральный,Гостиный двор,2.7,косметический,полностью,11,59.9388,30.3288,1.38,1983,41,1,1,0,0,0,1,1,2005,5,1268.5812356979404,1.0,0,1,1,3,0,0,43.7,0,3.726
31978.0,20.0,1,2,6,Центральный,Петроградская,1.0,косметический,частично,10,59.9093,30.3435,3.47,2001,23,1,0,1,0,1,1,2,2005,2,1598.9,0.3333333333333333,0,0,0,4,0,0,20.0,0,3.47
33610.0,58.2,1,4,9,Невский,Петроградская,3.4,косметический,частично,3,59.9091,30.4968,19.76,1963,61,1,0,1,0,0,0,2,2005,2,577.4914089347079,0.4444444444444444,0,0,0,2,0,0,58.2,0,67.184
20000.0,34.0,2,1,9,Невский,Гостиный двор,2.0,косметический,частично,7,59.9201,30.4997,19.98,1988,36,0,1,1,0,0,0,1,2005,2,588.2352941176471,0.1111111111111111,0,0,0,2,1,0,68.0,0,39.96
44155.0,44.2,1,11,12,Фрунзенский,Площадь Восстания,2.4,косметический,частично,10,59.834,30.3767,12.37,1987,37,1,1,1,0,0,0,1,2005,2,998.9819004524886,0.9166666666666666,0,0,1,3,0,0,44.2,0,29.687999999999995
70489.0,55.4,1,1,7,Центральный,Невский проспект,3.4,косметический,нет,3,59.9103,30.3412,3.21,2020,4,0,1,1,0,1,0,2,2005,0,1272.3646209386281,0.14285714285714285,1,0,0,3,0,0,55.4,0,10.914
59770.0,67.0,1,2,5,Василеостровский,Комендантский проспект,7.6,дизайнерский,полностью,2,59.939,30.2251,10.58,1980,44,0,0,1,0,0,1,5,2020,5,892.0895522388059,0.4,0,0,0,2,0,1,67.0,0,80.408
70884.0,52.6,1,4,7,Центральный,Спортивная,3.3,косметический,частично,5,59.9513,30.3031,3.01,2005,19,0,0,1,0,1,0,5,2005,2,1347.6045627376425,0.5714285714285714,0,0,0,2,0,0,52.6,0,9.932999999999998
51114.0,40.6,1,4,6,Центральный,Проспект Ветеранов,2.1,косметический,частично,8,59.9147,30.3145,1.8,1986,38,1,0,1,1,0,0,1,2005,2,1258.9655172413793,0.6666666666666666,0,1,0,3,1,0,40.6,0,3.7800000000000002
62849.0,50.5,1,8,12,Московский,Чернышевская,2.0,косметический,частично,9,59.8669,30.2972,7.45,1965,59,1,1,1,1,0,0,1,2005,2,1244.5346534653465,0.6666666666666666,0,0,0,4,0,0,50.5,0,14.9
51101.0,50.0,2,7,9,Калининский,Невский проспект,8.9,косметический,нет,7,60.0032,30.4017,12.17,2000,24,0,0,1,0,0,0,2,2005,0,1022.02,0.7777777777777778,0,0,1,1,1,0,100.0,0,108.313
131046.0,75.6,3,7,7,Адмиралтейский,Спортивная,1.0,евроремонт,нет,4,59.9211,30.2647,6.22,1992,32,1,1,1,0,0,0,5,2015,0,1733.4126984126985,1.0,0,0,1,3,0,0,226.79999999999998,0,6.22
40629.0,63.2,1,1,9,Фрунзенский,Проспект Ветеранов,2.0,косметический,частично,12,59.8251,30.3758,13.19,1965,59,1,1,1,1,1,0,1,2005,2,642.8639240506329,0.1111111111111111,0,0,0,5,0,1,63.2,0,26.38
40966.0,48.1,1,1,5,Фрунзенский,Невский проспект,2.0,евроремонт,нет,10,59.8636,30.3634,8.8,1960,64,0,0,1,0,0,0,2,2015,0,851.6839916839916,0.2,0,0,0,1,0,0,48.1,0,17.6
21635.0,47.2,1,1,9,Фрунзенский,Комендантский проспект,7.4,без ремонта,частично,6,59.8386,30.391,12.85,2019,5,1,0,1,0,1,0,5,1995,2,458.3686440677966,0.1111111111111111,1,0,0,3,1,0,47.2,0,95.09
63086.0,66.0,1,13,16,Приморский,Площадь Восстания,9.6,косметический,частично,3,60.016,30.1748,18.73,2012,12,0,1,0,0,1,0,1,2005,2,955.8484848484849,0.8125,1,0,1,2,0,0,66.0,0,179.808
35701.0,34.6,3,3,5,Калининский,Площадь Восстания,3.0,дизайнерский,частично,4,60.0018,30.4229,13.93,2020,4,0,0,1,0,1,0,1,2020,2,1031.820809248555,0.6,1,0,0,2,0,0,103.80000000000001,0,41.79
44619.0,32.3,2,3,7,Центральный,Комендантский проспект,2.2,евроремонт,полностью,5,59.9155,30.2965,3.06,2013,11,1,1,0,0,1,0,5,2015,5,1381.3931888544894,0.42857142857142855,1,0,0,3,0,0,64.6,0,6.732000000000001
52820.0,51.5,2,5,7,Центральный,Спортивная,2.8,евроремонт,частично,3,59.9468,30.315,1.94,1970,54,0,1,0,0,1,1,5,2015,2,1025.631067961165,0.7142857142857143,0,1,1,3,0,0,103.0,0,5.4319999999999995
35870.0,27.0,2,5,5,Центральный,Чернышевская,1.7,евроремонт,полностью,4,59.936,30.3024,2.07,1991,33,0,1,1,0,1,1,1,2015,5,1328.5185185185185,1.0,0,1,1,4,0,0,54.0,0,3.5189999999999997
39035.0,39.2,2,2,7,Адмиралтейский,Ладожская,1.6,без ремонта,частично,6,59.9281,30.2886,3.49,2013,11,1,0,0,0,0,0,4,1995,2,995.7908163265305,0.2857142857142857,1,0,0,1,1,0,78.4,0,5.5840000000000005
20000.0,32.0,2,10,12,Фрунзенский,Проспект Ветеранов,2.2,без ремонта,частично,9,59.8531,30.3847,11.15,1968,56,0,0,1,0,0,0,1,1995,2,625.0,0.8333333333333334,0,0,1,1,0,0,64.0,0,24.53
43317.0,62.3,1,2,6,Адмиралтейский,Спортивная,7.2,без ремонта,частично,12,59.9092,30.287,4.33,2017,7,1,0,0,0,1,0,5,1995,2,695.2969502407705,0.3333333333333333,1,0,0,2,0,1,62.3,0,31.176000000000002
44830.0,55.6,1,6,12,Московский,Проспект Ветеранов,10.5,без ремонта,полностью,6,59.9144,30.2954,3.23,1994,30,1,0,1,0,1,0,1,1995,5,806.2949640287769,0.5,0,0,0,3,1,0,55.6,0,33.915
20000.0,64.0,1,1,5,Невский,Петроградская,2.0,без ремонта,частично,12,59.9076,30.4964,19.73,1961,63,1,0,0,0,0,0,2,1995,2,312.5,0.2,0,0,0,1,0,1,64.0,0,39.46
56427.0,65.9,2,3,6,Центральный,Проспект Ветеранов,2.5,косметический,полностью,12,59.9066,30.3181,2.61,1895,129,0,0,1,0,0,1,1,2005,5,856.2518968133535,0.5,0,1,0,2,0,1,131.8,0,6.5249999999999995
37587.0,55.6,1,1,5,Кировский,Невский проспект,16.2,евроремонт,частично,9,59.9035,30.2742,5.88,1976,48,0,0,0,1,0,0,2,2015,2,676.0251798561151,0.2,0,0,0,1,0,0,55.6,0,95.256
20000.0,31.0,2,7,16,Московский,Комендантский проспект,18.9,косметический,полностью,12,59.8754,30.3112,6.14,1999,25,0,0,1,0,0,1,5,2005,5,645.1612903225806,0.4375,0,0,0,2,0,1,62.0,0,116.04599999999999
25584.0,39.2,1,2,5,Центральный,Московская,8.9,косметический,нет,4,59.9181,30.3073,1.93,2009,15,1,0,1,0,0,0,2,2005,0,652.6530612244898,0.4,0,1,0,2,0,0,39.2,0,17.177
20000.0,20.0,2,1,5,Калининский,Проспект Ветеранов,3.0,без ремонта,нет,8,60.0167,30.3904,12.4,1973,51,0,0,1,0,0,0,1,1995,0,1000.0,0.2,0,0,0,1,1,0,40.0,0,37.2
49359.0,47.7,1,10,12,Приморский,Петроградская,9.2,без ремонта,частично,8,59.9821,30.1669,17.95,2004,20,0,0,1,0,1,0,2,1995,2,1034.7798742138364,0.8333333333333334,0,0,1,2,1,0,47.7,0,165.14
20000.0,36.4,1,3,5,Невский,Московская,9.2,косметический,частично,2,59.9181,30.5094,21.07,1986,38,1,1,1,0,0,0,2,2005,2,549.4505494505495,0.6,0,0,0,3,0,1,36.4,0,193.844
50683.0,60.8,1,4,5,Адмиралтейский,Петроградская,2.3,без ремонта,полностью,1,59.935,30.2797,4.51,1978,46,1,0,1,0,1,1,2,1995,5,833.6019736842105,0.8,0,0,1,4,0,1,60.8,0,10.373
49626.0,49.7,3,2,5,Петроградский,Проспект Ветеранов,9.8,евроремонт,частично,1,59.9664,30.3129,4.12,2004,20,1,1,0,0,0,0,1,2015,2,998.5110663983903,0.4,0,0,0,2,0,1,149.10000000000002,0,40.376000000000005
30163.0,35.4,1,3,9,Василеостровский,Гостиный двор,3.9,косметический,нет,10,59.9383,30.2364,9.33,1986,38,0,0,0,1,0,0,1,2005,0,852.0621468926554,0.3333333333333333,0,0,0,1,0,0,35.4,0,36.387
35515.0,43.1,1,6,9,Фрунзенский,Спортивная,8.2,косметический,полностью,7,59.8567,30.3613,9.34,1989,35,1,0,1,0,0,0,5,2005,5,824.0139211136891,0.6666666666666666,0,0,0,2,1,0,43.1,0,76.588
112210.0,59.7,2,9,9,Приморский,Спортивная,5.4,евроремонт,частично,8,60.0003,30.1449,20.94,2013,11,0,1,0,0,1,0,5,2015,2,1879.5644891122276,1.0,1,0,1,2,1,0,119.4,0,113.07600000000001
29090.0,29.7,2,6,6,Адмиралтейский,Невский проспект,3.6,косметический,частично,12,59.9366,30.2733,5.24,1973,51,1,1,0,0,0,0,2,2005,2,979.4612794612794,1.0,0,0,1,2,0,1,59.4,0,18.864
34902.0,50.9,2,2,12,Приморский,Проспект Ветеранов,7.9,косметический,частично,3,59.9916,30.17,18.0,1992,32,0,0,1,0,0,0,1,2005,2,685.6974459724951,0.16666666666666666,0,0,0,1,0,0,101.8,0,142.20000000000002
57209.0,41.7,2,4,5,Центральный,Гостиный двор,3.3,без ремонта,частично,9,59.9232,30.3065,1.67,1928,96,0,1,1,0,0,0,1,1995,2,1371.9184652278177,0.8,0,1,1,2,0,0,83.4,0,5.510999999999999
35332.0,52.0,1,11,12,Фрунзенский,Чернышевская,4.0,косметический,частично,1,59.8279,30.3658,12.42,1982,42,1,1,0,0,1,0,1,2005,2,679.4615384615385,0.9166666666666666,0,0,1,3,0,1,52.0,0,49.68
20000.0,21.0,2,3,9,Приморский,Московская,6.6,косметический,частично,11,60.0088,30.1375,22.07,2018,6,0,1,1,1,1,1,2,2005,2,952.3809523809524,0.3333333333333333,1,0,0,5,0,0,42.0,0,145.662
20000.0,46.0,1,1,12,Петроградский,Московская,14.8,евроремонт,полностью,1,59.9949,30.2912,7.88,1931,93,1,1,1,0,1,0,2,2015,5,434.7826086956522,0.08333333333333333,0,0,0,4,0,1,46.0,0,116.62400000000001
22682.0,26.5,1,13,16,Московский,Московская,8.6,косметический,нет,1,59.9005,30.3377,3.82,1985,39,0,0,1,0,0,0,2,2005,0,855.9245283018868,0.8125,0,0,1,1,0,1,26.5,0,32.852
24958.0,33.1,2,4,12,Фрунзенский,Петроградская,13.3,косметический,частично,8,59.831,30.3942,13.73,1973,51,0,0,0,0,1,0,2,2005,2,754.0181268882175,0.3333333333333333,0,0,0,1,1,0,66.2,0,182.609
45819.0,43.8,1,3,12,Московский,Ладожская,2.0,евроремонт,частично,7,59.8711,30.3383,6.85,2008,16,1,0,0,0,0,0,4,2015,2,1046.0958904109589,0.25,0,0,0,1,1,0,43.8,0,13.7
20000.0,27.8,1,1,5,Петроградский,Проспект Ветеранов,2.0,косметический,нет,12,59.9577,30.3185,3.08,1952,72,1,0,1,0,0,1,1,2005,0,719.4244604316547,0.2,0,0,0,3,0,1,27.8,0,6.16
114130.0,71.7,1,9,9,Центральный,Проспект Ветеранов,6.7,косметический,нет,7,59.9524,30.3236,2.52,1997,27,1,1,0,0,1,0,1,2005,0,1591.771269177127,1.0,0,1,1,3,1,0,71.7,0,16.884
99681.0,62.9,1,5,7,Центральный,Невский проспект,6.7,косметический,нет,6,59.9531,30.311,2.75,1973,51,1,0,1,0,0,0,2,2005,0,1584.7535771065184,0.7142857142857143,0,1,1,2,1,0,62.9,0,18.425
93821.0,63.9,1,5,5,Адмиралтейский,Спортивная,1.0,косметический,нет,7,59.9369,30.2978,2.58,1994,30,1,0,1,0,1,0,5,2005,0,1468.2472613458528,1.0,0,1,1,3,1,0,63.9,0,2.58
47088.0,28.3,1,5,5,Центральный,Невский проспект,1.7,косметический,частично,7,59.9279,30.3089,1.26,1985,39,1,0,1,0,0,0,2,2005,2,1663.886925795053,1.0,0,1,1,2,1,0,28.3,0,2.142
37316.0,51.6,2,3,5,Невский,Ладожская,3.0,косметический,частично,9,59.9493,30.4762,17.47,2005,19,1,0,1,0,1,0,4,2005,2,723.1782945736434,0.6,0,0,0,3,0,0,103.2,0,52.41
24590.0,47.1,1,1,9,Невский,Комендантский проспект,15.6,косметический,нет,6,59.9549,30.4936,19.47,2010,14,0,1,0,0,1,0,5,2005,0,522.0806794055202,0.1111111111111111,1,0,0,2,1,0,47.1,0,303.73199999999997
54698.0,38.8,3,3,5,Центральный,Чернышевская,1.0,косметический,частично,4,59.9358,30.3217,0.68,2003,21,1,0,0,0,1,0,1,2005,2,1409.7422680412371,0.6,0,1,0,2,0,0,116.39999999999999,0,0.68
52951.0,47.2,2,2,6,Центральный,Площадь Восстания,10.5,без ремонта,нет,3,59.919,30.3235,1.28,1898,126,0,0,1,0,0,1,1,1995,0,1121.843220338983,0.3333333333333333,0,1,0,2,0,0,94.4,0,13.44
23927.0,28.7,2,2,5,Центральный,Гостиный двор,2.1,косметический,частично,2,59.9478,30.3009,2.9,1946,78,0,0,1,0,0,0,1,2005,2,833.6933797909408,0.4,0,1,0,1,0,1,57.4,0,6.09
20000.0,28.6,1,4,9,Невский,Комендантский проспект,12.1,без ремонта,нет,2,59.9335,30.4955,19.49,1996,28,1,1,1,0,1,0,5,1995,0,699.3006993006993,0.4444444444444444,0,0,0,4,0,1,28.6,0,235.82899999999998
52927.0,54.1,2,3,9,Василеостровский,Московская,11.8,без ремонта,полностью,7,59.9446,30.2405,8.97,1986,38,0,0,1,0,1,0,2,1995,5,978.3179297597043,0.3333333333333333,0,0,0,2,1,0,108.2,0,105.84600000000002
20000.0,29.9,3,1,5,Калининский,Проспект Ветеранов,25.0,косметический,нет,11,60.0004,30.4155,13.17,1973,51,1,1,1,0,1,1,1,2005,0,668.8963210702342,0.2,0,0,0,5,0,0,89.69999999999999,0,329.25
20000.0,33.6,4,5,5,Петроградский,Чернышевская,20.0,евроремонт,нет,12,59.9879,30.3089,6.54,1997,27,0,0,1,0,0,0,1,2015,0,595.2380952380952,1.0,0,0,1,1,0,1,134.4,0,130.8
62670.0,73.0,2,3,5,Невский,Спортивная,7.8,евроремонт,частично,8,59.9141,30.4985,19.89,1963,61,1,0,1,0,0,0,5,2015,2,858.4931506849315,0.6,0,0,0,2,1,0,146.0,0,155.142
63768.0,85.8,1,4,5,Калининский,Ладожская,3.0,косметический,частично,7,60.0078,30.3968,12.14,1982,42,0,1,1,0,1,0,4,2005,2,743.2167832167833,0.8,0,0,1,3,1,0,85.8,0,36.42
51828.0,49.4,2,10,25,Московский,Ладожская,7.0,без ремонта,нет,8,59.8917,30.3,4.8,2015,9,1,0,1,0,1,1,4,1995,0,1049.1497975708503,0.4,1,0,0,4,1,0,98.8,0,33.6
20000.0,20.0,2,9,9,Центральный,Спортивная,9.3,без ремонта,частично,12,59.9537,30.3094,2.88,1987,37,0,0,1,0,0,1,5,1995,2,1000.0,1.0,0,1,1,2,0,1,40.0,0,26.784000000000002
20000.0,23.8,2,1,9,Фрунзенский,Московская,10.8,евроремонт,частично,3,59.8645,30.3615,8.61,1961,63,0,0,1,0,1,0,2,2015,2,840.3361344537815,0.1111111111111111,0,0,0,2,0,0,47.6,0,92.988
39034.0,35.8,3,4,5,Петроградский,Московская,2.0,без ремонта,нет,4,59.9695,30.2858,5.8,1978,46,0,0,0,1,0,0,2,1995,0,1090.3351955307264,0.8,0,0,1,1,0,0,107.39999999999999,0,11.6
56260.0,70.3,1,9,9,Московский,Петроградская,4.6,без ремонта,нет,10,59.8818,30.3098,5.46,1966,58,1,1,1,1,0,0,2,1995,0,800.2844950213372,1.0,0,0,1,4,0,0,70.3,0,25.116
30596.0,31.7,1,11,16,Московский,Спортивная,2.0,без ремонта,частично,7,59.8752,30.341,6.52,1996,28,0,1,1,0,0,1,5,1995,2,965.1735015772871,0.6875,0,0,0,3,1,0,31.7,0,13.04
52242.0,54.6,1,2,5,Кировский,Площадь Восстания,6.3,косметический,частично,8,59.8775,30.2412,10.51,1967,57,1,0,0,0,0,0,1,2005,2,956.8131868131868,0.4,0,0,0,1,1,0,54.6,0,66.213
45141.0,46.5,2,12,12,Василеостровский,Комендантский проспект,9.7,евроремонт,частично,12,59.9214,30.237,9.26,1949,75,1,1,0,0,0,0,5,2015,2,970.7741935483871,1.0,0,0,1,2,0,1,93.0,0,89.82199999999999
35751.0,31.8,1,3,7,Центральный,Московская,4.9,евроремонт,полностью,5,59.9473,30.3289,2.16,2000,24,0,1,1,1,0,1,2,2015,5,1124.245283018868,0.42857142857142855,0,1,0,4,0,0,31.8,0,10.584000000000001
24816.0,48.4,1,1,12,Приморский,Чернышевская,9.7,косметический,частично,9,59.9797,30.141,20.62,2000,24,1,0,1,0,1,0,1,2005,2,512.7272727272727,0.08333333333333333,0,0,0,3,0,0,48.4,0,200.01399999999998
56596.0,41.2,1,6,6,Центральный,Проспект Ветеранов,5.1,евроремонт,полностью,5,59.9246,30.3245,0.78,1978,46,1,0,1,0,1,0,1,2015,5,1373.6893203883494,1.0,0,1,1,3,0,0,41.2,0,3.9779999999999998
27897.0,38.8,3,6,9,Кировский,Ладожская,8.0,евроремонт,частично,9,59.8708,30.2577,9.53,1950,74,1,1,0,0,1,1,4,2015,2,718.9948453608248,0.6666666666666666,0,0,0,4,0,0,116.39999999999999,0,76.24
82282.0,58.7,2,2,9,Центральный,Чернышевская,1.0,евроремонт,полностью,6,59.9487,30.3082,2.46,2012,12,1,1,1,0,1,0,1,2015,5,1401.7376490630322,0.2222222222222222,1,1,0,4,1,0,117.4,1,2.46
24200.0,44.2,1,6,9,Калининский,Площадь Восстания,14.1,косметический,нет,11,59.9905,30.4001,11.14,1984,40,1,0,1,0,1,1,1,2005,0,547.5113122171946,0.6666666666666666,0,0,0,4,0,0,44.2,0,157.074
31723.0,62.3,1,3,5,Фрунзенский,Московская,20.0,евроремонт,нет,8,59.8477,30.3913,12.09,1972,52,0,1,0,0,1,0,2,2015,0,509.1974317817015,0.6,0,0,0,2,1,0,62.3,0,241.8
37776.0,46.0,2,6,9,Московский,Петроградская,6.1,без ремонта,нет,11,59.8937,30.3056,4.33,1968,56,1,0,1,0,0,0,2,1995,0,821.2173913043479,0.6666666666666666,0,0,0,2,0,0,92.0,0,26.413
33110.0,20.0,1,3,9,Центральный,Гостиный двор,2.3,евроремонт,частично,7,59.951,30.3312,2.64,1982,42,1,0,0,0,0,0,1,2015,2,1655.5,0.3333333333333333,0,1,0,1,1,0,20.0,0,6.072
20000.0,43.5,1,3,9,Калининский,Гостиный двор,19.8,без ремонта,полностью,4,59.9819,30.4175,12.25,1974,50,1,1,0,0,0,0,1,1995,5,459.7701149425287,0.3333333333333333,0,0,0,2,0,0,43.5,0,242.55
62500.0,40.1,1,4,6,Центральный,Петроградская,2.2,дизайнерский,полностью,4,59.9195,30.3375,2.27,1970,54,1,1,0,0,1,0,2,2020,5,1558.6034912718203,0.6666666666666666,0,1,0,3,0,0,40.1,0,4.994000000000001
21038.0,44.2,2,6,9,Калининский,Невский проспект,25.0,косметический,нет,11,59.99,30.4162,12.58,1993,31,1,1,1,0,0,0,2,2005,0,475.972850678733,0.6666666666666666,0,0,0,3,0,0,88.4,0,314.5
95650.0,75.1,2,1,5,Петроградский,Спортивная,11.4,евроремонт,частично,10,59.9507,30.2924,3.83,1943,81,0,1,1,0,0,0,5,2015,2,1273.6351531291612,0.2,0,0,0,2,0,0,150.2,0,43.662
20000.0,27.0,3,6,9,Калининский,Ладожская,3.0,косметический,частично,2,59.9965,30.3994,11.49,1996,28,1,1,1,0,0,0,4,2005,2,740.7407407407408,0.6666666666666666,0,0,0,3,0,1,81.0,0,34.47
27617.0,39.9,1,4,9,Фрунзенский,Комендантский проспект,4.1,косметический,частично,8,59.8557,30.398,11.96,2007,17,0,0,1,0,0,1,5,2005,2,692.155388471178,0.4444444444444444,0,0,0,2,1,0,39.9,0,49.036
22852.0,40.4,1,15,16,Приморский,Петроградская,9.3,евроремонт,частично,1,59.9889,30.1695,17.94,1992,32,1,0,1,0,0,0,2,2015,2,565.6435643564357,0.9375,0,0,1,2,0,1,40.4,0,166.842
20000.0,33.5,1,8,12,Кировский,Спортивная,20.0,евроремонт,нет,12,59.8953,30.2331,10.39,2009,15,0,0,1,0,0,0,5,2015,0,597.0149253731344,0.6666666666666666,0,0,0,1,0,1,33.5,0,207.8
24978.0,56.0,2,2,9,Невский,Чернышевская,2.8,без ремонта,нет,8,59.9052,30.5089,21.15,1984,40,0,0,1,0,1,1,1,1995,0,446.0357142857143,0.2222222222222222,0,0,0,3,1,0,112.0,0,59.21999999999999
29544.0,42.2,1,9,9,Приморский,Чернышевская,6.4,евроремонт,полностью,1,59.9838,30.1411,20.73,1993,31,1,0,1,0,1,1,1,2015,5,700.0947867298578,1.0,0,0,1,4,0,1,42.2,0,132.672
55493.0,32.3,2,3,7,Центральный,Невский проспект,3.6,косметический,полностью,7,59.9439,30.3338,2.18,1999,25,1,0,1,0,0,0,2,2005,5,1718.0495356037154,0.42857142857142855,0,1,0,2,1,0,64.6,0,7.848000000000001
107050.0,49.2,2,4,7,Центральный,Гостиный двор,4.2,евроремонт,нет,5,59.9084,30.3034,3.02,1991,33,1,1,1,0,0,0,1,2015,0,2175.813008130081,0.5714285714285714,0,0,0,3,0,0,98.4,0,12.684000000000001
23991.0,27.2,2,12,12,Фрунзенский,Чернышевская,2.9,евроремонт,частично,5,59.8633,30.3932,11.0,1962,62,0,0,0,0,1,0,1,2015,2,882.0220588235294,1.0,0,0,1,1,0,0,54.4,0,31.9
34028.0,73.6,1,3,5,Кировский,Проспект Ветеранов,16.9,евроремонт,частично,4,59.8845,30.2422,10.0,1951,73,0,0,1,0,1,0,1,2015,2,462.3369565217392,0.6,0,0,0,2,0,0,73.6,0,169.0
25205.0,34.9,1,7,12,Московский,Комендантский проспект,2.0,косметический,нет,3,59.9135,30.3166,1.87,1977,47,1,0,0,0,0,0,5,2005,0,722.2063037249284,0.5833333333333334,0,1,0,1,0,0,34.9,0,3.74
50622.0,45.4,3,4,5,Кировский,Гостиный двор,11.0,дизайнерский,частично,7,59.8965,30.2454,9.07,2000,24,1,1,0,1,0,1,1,2020,2,1115.0220264317181,0.8,0,0,1,4,1,0,136.2,0,99.77000000000001
48312.0,39.0,2,3,5,Центральный,Спортивная,12.0,косметический,полностью,10,59.9477,30.3076,2.4,1920,104,0,0,1,0,0,0,5,2005,5,1238.7692307692307,0.6,0,1,0,1,0,0,78.0,0,28.799999999999997
33674.0,42.0,1,4,5,Фрунзенский,Чернышевская,3.8,дизайнерский,полностью,3,59.8326,30.3965,13.75,2009,15,1,1,1,0,0,0,1,2020,5,801.7619047619048,0.8,0,0,1,3,0,0,42.0,0,52.25
84142.0,48.5,3,6,9,Петроградский,Невский проспект,12.2,дизайнерский,частично,10,59.9726,30.2976,5.34,1945,79,0,0,1,0,0,0,2,2020,2,1734.8865979381444,0.6666666666666666,0,0,0,1,0,0,145.5,0,65.148
26439.0,36.6,1,8,12,Московский,Гостиный двор,5.4,косметический,частично,2,59.8728,30.3218,6.35,1986,38,1,0,0,0,0,0,1,2005,2,722.3770491803278,0.6666666666666666,0,0,0,1,0,1,36.6,0,34.29
99270.0,71.5,1,4,6,Центральный,Гостиный двор,1.0,без ремонта,частично,1,59.9157,30.3436,3.06,2017,7,1,1,1,0,0,0,1,1995,2,1388.3916083916083,0.6666666666666666,1,0,0,3,0,1,71.5,0,3.06
49390.0,51.4,3,1,5,Фрунзенский,Ладожская,2.2,дизайнерский,нет,4,59.8471,30.3828,11.54,1967,57,1,0,0,0,1,0,4,2020,0,960.8949416342413,0.2,0,0,0,2,0,0,154.2,0,25.388
20000.0,24.3,4,4,5,Петроградский,Невский проспект,6.7,без ремонта,частично,12,59.9757,30.3207,5.08,1950,74,1,1,0,0,0,0,2,1995,2,823.0452674897119,0.8,0,0,1,2,0,1,97.2,0,34.036
22412.0,20.0,2,2,12,Московский,Невский проспект,4.4,евроремонт,полностью,11,59.88,30.3025,5.88,1961,63,1,1,1,0,0,1,2,2015,5,1120.6,0.16666666666666666,0,0,0,4,0,0,40.0,0,25.872
33577.0,38.2,2,11,16,Приморский,Чернышевская,11.4,косметический,частично,6,59.9851,30.168,17.95,1993,31,1,1,0,1,0,0,1,2005,2,878.979057591623,0.6875,0,0,0,3,1,0,76.4,0,204.63
56834.0,52.6,1,2,5,Калининский,Комендантский проспект,3.9,косметический,нет,8,59.9782,30.3863,9.1,1989,35,1,0,1,0,0,1,5,2005,0,1080.4942965779467,0.4,0,0,0,3,1,0,52.6,0,35.489999999999995
64153.0,51.0,1,6,6,Адмиралтейский,Проспект Ветеранов,1.0,косметический,частично,5,59.9419,30.2662,6.11,2020,4,0,0,0,0,0,0,1,2005,2,1257.9019607843138,1.0,1,0,1,0,0,0,51.0,0,6.11
29374.0,46.2,1,23,25,Московский,Петроградская,15.9,без ремонта,частично,7,59.8967,30.3395,4.29,1963,61,1,0,1,0,1,0,2,1995,2,635.8008658008657,0.92,0,0,1,3,1,0,46.2,0,68.211
29375.0,42.9,1,4,12,Приморский,Комендантский проспект,9.6,косметический,частично,5,59.9795,30.1289,21.91,2021,3,1,1,0,0,1,0,5,2005,2,684.7319347319348,0.3333333333333333,1,0,0,3,0,0,42.9,0,210.33599999999998
73383.0,50.5,1,5,5,Центральный,Спортивная,4.6,евроремонт,частично,3,59.9546,30.3101,2.94,2010,14,0,0,1,0,0,0,5,2015,2,1453.1287128712872,1.0,1,1,1,1,0,0,50.5,1,13.524
28111.0,41.5,2,1,5,Калининский,Площадь Восстания,3.0,без ремонта,частично,11,60.0024,30.3997,11.95,2000,24,0,0,1,0,0,0,1,1995,2,677.3734939759037,0.2,0,0,0,1,0,0,83.0,0,35.849999999999994
54634.0,33.9,2,5,5,Василеостровский,Площадь Восстания,7.7,евроремонт,частично,10,59.9254,30.2633,6.32,1998,26,0,0,1,0,1,0,1,2015,2,1611.622418879056,1.0,0,0,1,2,0,0,67.8,0,48.664
65602.0,68.0,2,3,9,Фрунзенский,Спортивная,3.4,косметический,полностью,6,59.8485,30.3744,10.87,2020,4,1,0,0,0,0,0,5,2005,5,964.7352941176471,0.3333333333333333,1,0,0,1,1,0,136.0,0,36.958
20000.0,30.6,3,4,5,Фрунзенский,Проспект Ветеранов,13.7,евроремонт,частично,4,59.8538,30.3987,12.16,1963,61,1,0,1,0,0,0,1,2015,2,653.59477124183,0.8,0,0,1,2,0,0,91.80000000000001,0,166.59199999999998
107967.0,68.8,1,4,5,Центральный,Спортивная,5.1,косметический,частично,9,59.9098,30.3032,2.91,1998,26,0,0,1,0,0,0,5,2005,2,1569.2877906976744,0.8,0,1,1,1,0,0,68.8,0,14.841
50139.0,56.3,4,8,9,Петроградский,Площадь Восстания,6.1,без ремонта,частично,1,59.9493,30.2872,4.22,2013,11,0,0,0,0,0,0,1,1995,2,890.5683836589699,0.8888888888888888,1,0,1,0,0,1,225.2,0,25.741999999999997
37484.0,54.7,1,6,25,Приморский,Спортивная,6.6,без ремонта,нет,6,60.0168,30.1629,19.92,2020,4,0,0,0,0,1,1,5,1995,0,685.2650822669104,0.24,1,0,0,2,1,0,54.7,0,131.472
49057.0,58.2,2,5,7,Адмиралтейский,Ладожская,8.7,косметический,полностью,11,59.9073,30.2914,4.05,1975,49,0,1,1,0,1,1,4,2005,5,842.9037800687285,0.7142857142857143,0,0,1,4,0,0,116.4,0,35.23499999999999
44466.0,68.2,2,9,9,Невский,Площадь Восстания,19.2,евроремонт,нет,10,59.9175,30.482,18.03,2020,4,0,0,0,0,0,0,1,2015,0,651.9941348973607,1.0,1,0,1,0,0,0,136.4,0,346.176
48320.0,51.5,3,3,7,Адмиралтейский,Ладожская,4.3,без ремонта,полностью,11,59.9255,30.2753,4.98,2000,24,0,1,1,0,0,1,4,1995,5,938.252427184466,0.42857142857142855,0,0,0,3,0,0,154.5,0,21.414
31357.0,46.4,1,9,12,Василеостровский,Спортивная,12.3,косметический,нет,3,59.9404,30.2617,6.57,1939,85,0,0,0,0,0,0,5,2005,0,675.7974137931035,0.75,0,0,1,0,0,0,46.4,0,80.811
35310.0,45.4,3,5,16,Приморский,Площадь Восстания,3.0,без ремонта,полностью,10,60.0212,30.1624,20.21,2022,2,0,0,1,0,1,0,1,1995,5,777.7533039647577,0.3125,1,0,0,2,0,0,136.2,0,60.63
36902.0,51.8,2,5,9,Калининский,Площадь Восстания,7.2,без ремонта,частично,5,59.9937,30.4187,13.04,1970,54,1,0,0,0,0,0,1,1995,2,712.3938223938225,0.5555555555555556,0,0,0,1,0,0,103.6,0,93.88799999999999
89152.0,68.5,2,2,5,Василеостровский,Петроградская,2.0,косметический,нет,2,59.9561,30.2543,7.85,2007,17,0,1,0,0,0,0,2,2005,0,1301.4890510948906,0.4,0,0,0,1,0,1,137.0,0,15.7
123434.0,49.2,2,3,9,Центральный,Невский проспект,1.0,косметический,нет,6,59.9396,30.3211,1.07,1974,50,1,0,1,0,1,0,2,2005,0,2508.821138211382,0.3333333333333333,0,1,0,3,1,0,98.4,0,1.07
20000.0,41.7,1,5,9,Приморский,Площадь Восстания,22.7,косметический,частично,2,60.0133,30.1329,22.73,2016,8,1,1,1,0,0,0,1,2005,2,479.6163069544364,0.5555555555555556,1,0,0,3,0,1,41.7,0,515.971
53819.0,44.5,1,1,12,Московский,Спортивная,2.0,косметический,нет,7,59.8796,30.3377,5.93,2021,3,1,1,1,0,0,0,5,2005,0,1209.4157303370787,0.08333333333333333,1,0,0,3,1,0,44.5,0,11.86
32202.0,34.7,1,2,9,Приморский,Спортивная,3.0,косметический,нет,8,60.023,30.1479,21.71,2008,16,1,1,1,0,1,0,5,2005,0,928.0115273775216,0.2222222222222222,0,0,0,4,1,0,34.7,0,65.13
20000.0,45.5,1,3,16,Московский,Проспект Ветеранов,11.3,без ремонта,частично,2,59.8823,30.312,5.37,2012,12,0,0,0,1,1,0,1,1995,2,439.56043956043953,0.1875,1,0,0,2,0,1,45.5,0,60.681000000000004
40149.0,53.6,1,5,16,Приморский,Ладожская,5.5,евроремонт,частично,10,60.0115,30.1516,20.77,2016,8,1,0,1,0,1,0,4,2015,2,749.0485074626865,0.3125,1,0,0,3,0,0,53.6,0,114.235
42031.0,48.5,1,9,9,Петроградский,Невский проспект,2.0,без ремонта,полностью,3,59.9847,30.3231,6.09,1979,45,1,0,1,0,1,1,2,1995,5,866.6185567010309,1.0,0,0,1,4,0,0,48.5,0,12.18
73510.0,66.2,2,4,12,Приморский,Московская,3.0,косметический,нет,8,59.9997,30.1687,18.49,2004,20,0,0,0,0,0,0,2,2005,0,1110.4229607250754,0.3333333333333333,0,0,0,0,1,0,132.4,0,55.47
70584.0,50.8,2,9,9,Петроградский,Спортивная,4.8,косметический,нет,6,59.9948,30.2808,8.41,1940,84,1,0,1,0,0,1,5,2005,0,1389.448818897638,1.0,0,0,1,3,1,0,101.6,0,40.368
47326.0,49.0,2,4,9,Московский,Ладожская,5.3,без ремонта,частично,8,59.905,30.3176,2.78,2019,5,0,1,1,0,1,0,4,1995,2,965.8367346938776,0.4444444444444444,1,1,0,3,1,0,98.0,1,14.733999999999998
29325.0,30.0,2,7,7,Центральный,Гостиный двор,1.0,без ремонта,частично,6,59.9105,30.3365,2.83,1982,42,0,0,1,0,0,0,1,1995,2,977.5,1.0,0,1,1,1,1,0,60.0,0,2.83
24944.0,57.6,1,10,12,Фрунзенский,Комендантский проспект,2.0,без ремонта,частично,2,59.8535,30.3817,10.91,2001,23,0,1,1,0,1,1,5,1995,2,433.05555555555554,0.8333333333333334,0,0,1,4,0,1,57.6,0,21.82
20000.0,25.0,2,12,12,Василеостровский,Проспект Ветеранов,2.0,без ремонта,частично,2,59.9466,30.261,6.8,1933,91,0,0,1,0,0,0,1,1995,2,800.0,1.0,0,0,1,1,0,1,50.0,0,13.6
26629.0,34.2,3,2,5,Центральный,Петроградская,9.6,без ремонта,частично,2,59.9053,30.3182,2.75,1903,121,0,0,0,1,0,0,2,1995,2,778.625730994152,0.4,0,1,0,1,0,1,102.60000000000001,0,26.4
87452.0,64.1,2,3,5,Адмиралтейский,Площадь Восстания,5.3,косметический,частично,12,59.9433,30.263,6.49,2001,23,0,0,1,1,0,0,1,2005,2,1364.3057722308893,0.6,0,0,0,2,0,1,128.2,0,34.397
48419.0,51.0,2,10,25,Московский,Московская,5.6,косметический,частично,10,59.9023,30.323,3.09,1991,33,1,1,0,0,0,0,2,2005,2,949.3921568627451,0.4,0,0,0,2,0,0,102.0,0,17.304
44349.0,29.2,1,5,6,Центральный,Невский проспект,3.2,косметический,полностью,8,59.9272,30.3267,0.81,1980,44,0,0,1,1,0,0,2,2005,5,1518.8013698630136,0.8333333333333334,0,1,1,2,1,0,29.2,0,2.5920000000000005
60874.0,48.7,2,8,9,Адмиралтейский,Спортивная,1.9,косметический,нет,4,59.9449,30.284,4.33,1943,81,0,0,1,0,0,0,5,2005,0,1249.9794661190965,0.8888888888888888,0,0,1,1,0,0,97.4,0,8.227
51367.0,52.1,4,6,7,Адмиралтейский,Комендантский проспект,2.1,без ремонта,частично,4,59.923,30.3007,2.27,2018,6,1,0,1,0,0,1,5,1995,2,985.9309021113244,0.8571428571428571,1,1,1,3,0,0,208.4,1,4.767
43947.0,57.6,1,6,7,Адмиралтейский,Петроградская,1.0,косметический,нет,4,59.9301,30.2664,5.95,1975,49,0,0,1,0,0,0,2,2005,0,762.96875,0.8571428571428571,0,0,1,1,0,0,57.6,0,5.95
20000.0,30.6,2,6,9,Фрунзенский,Невский проспект,2.0,косметический,нет,1,59.8705,30.4035,11.38,1998,26,0,0,1,0,0,0,2,2005,0,653.59477124183,0.6666666666666666,0,0,0,1,0,1,61.2,0,22.76
42937.0,49.0,2,2,5,Кировский,Невский проспект,3.1,без ремонта,частично,7,59.8896,30.2706,7.08,2021,3,1,1,1,0,1,0,2,1995,2,876.265306122449,0.4,1,0,0,4,1,0,98.0,0,21.948
76660.0,58.5,2,11,12,Петроградский,Невский проспект,2.9,без ремонта,нет,2,59.9483,30.3227,2.06,2017,7,0,0,1,0,0,0,2,1995,0,1310.4273504273503,0.9166666666666666,1,1,1,1,0,1,117.0,1,5.974
67921.0,56.6,2,5,5,Адмиралтейский,Проспект Ветеранов,1.0,косметический,частично,4,59.9167,30.2591,6.91,1941,83,0,0,1,0,1,1,1,2005,2,1200.017667844523,1.0,0,0,1,3,0,0,113.2,0,6.91
30494.0,48.2,2,2,25,Приморский,Ладожская,5.7,евроремонт,частично,6,60.0031,30.1596,19.56,2013,11,1,1,1,0,1,0,4,2015,2,632.655601659751,0.08,1,0,0,4,1,0,96.4,0,111.49199999999999
24268.0,34.9,1,1,5,Центральный,Комендантский проспект,7.6,косметический,частично,11,59.9484,30.3415,3.14,1991,33,1,0,1,0,1,1,5,2005,2,695.3581661891118,0.2,0,0,0,4,0,0,34.9,0,23.864
29709.0,52.0,1,1,9,Приморский,Петроградская,9.9,косметический,полностью,4,60.0,30.1366,21.79,2019,5,1,0,1,0,1,0,2,2005,5,571.3269230769231,0.1111111111111111,1,0,0,3,0,0,52.0,0,215.721
29577.0,38.1,3,4,6,Центральный,Невский проспект,4.8,евроремонт,полностью,12,59.915,30.342,2.96,1899,125,1,0,1,0,1,0,2,2015,5,776.2992125984251,0.6666666666666666,0,1,0,3,0,1,114.30000000000001,0,14.208
42447.0,40.2,1,9,16,Московский,Площадь Восстания,2.0,дизайнерский,полностью,9,59.8754,30.3167,6.07,1963,61,1,0,1,0,0,0,1,2020,5,1055.8955223880596,0.5625,0,0,0,2,0,0,40.2,0,12.14
20000.0,29.3,1,3,5,Фрунзенский,Ладожская,2.9,евроремонт,полностью,12,59.8504,30.3708,10.48,2016,8,0,0,1,0,1,0,4,2015,5,682.5938566552901,0.6,1,0,0,2,0,1,29.3,0,30.392
25021.0,30.2,2,6,6,Адмиралтейский,Площадь Восстания,12.0,косметический,частично,7,59.9381,30.2634,6.35,1946,78,1,1,0,0,1,0,1,2005,2,828.5099337748345,1.0,0,0,1,3,1,0,60.4,0,76.19999999999999
31650.0,49.5,3,1,5,Адмиралтейский,Площадь Восстания,8.4,косметический,частично,2,59.9261,30.2668,5.93,1993,31,0,0,1,0,0,0,1,2005,2,639.3939393939394,0.2,0,0,0,1,0,1,148.5,0,49.812
34255.0,47.7,3,10,16,Московский,Площадь Восстания,7.9,евроремонт,частично,4,59.8696,30.3208,6.7,1960,64,1,0,0,0,0,0,1,2015,2,718.1341719077568,0.625,0,0,0,1,0,0,143.10000000000002,0,52.93000000000001
47986.0,46.9,1,6,6,Адмиралтейский,Чернышевская,2.6,евроремонт,частично,10,59.8999,30.2767,5.85,2014,10,0,1,1,0,0,0,1,2015,2,1023.1556503198294,1.0,1,0,1,2,0,0,46.9,0,15.209999999999999
77743.0,38.8,1,5,5,Петроградский,Невский проспект,2.0,евроремонт,полностью,9,59.9606,30.3005,4.02,1998,26,1,0,1,0,0,0,2,2015,5,2003.6855670103093,1.0,0,0,1,2,0,0,38.8,0,8.04
48197.0,38.3,1,8,9,Петроградский,Невский проспект,3.9,косметический,частично,11,59.9668,30.302,4.55,1987,37,0,0,0,0,0,0,2,2005,2,1258.407310704961,0.8888888888888888,0,0,1,0,0,0,38.3,0,17.744999999999997
27668.0,29.4,1,4,5,Петроградский,Проспект Ветеранов,2.0,косметический,полностью,4,59.9898,30.3076,6.78,2017,7,1,0,1,0,1,0,1,2005,5,941.0884353741498,0.8,1,0,1,3,0,0,29.4,0,13.56
62621.0,47.6,2,11,12,Василеостровский,Гостиный двор,7.5,косметический,частично,11,59.9532,30.2292,10.4,1939,85,1,0,1,0,0,0,1,2005,2,1315.5672268907563,0.9166666666666666,0,0,1,2,0,0,95.2,0,78.0
30842.0,26.6,2,9,9,Василеостровский,Ладожская,9.2,дизайнерский,частично,4,59.9424,30.2491,8.0,1981,43,0,1,1,0,0,0,4,2020,2,1159.4736842105262,1.0,0,0,1,2,0,0,53.2,0,73.6
20000.0,23.4,2,3,12,Калининский,Московская,3.0,косметический,нет,9,60.017,30.3811,11.8,1970,54,0,0,0,0,1,0,2,2005,0,854.7008547008547,0.25,0,0,0,1,0,0,46.8,0,35.400000000000006
44788.0,53.4,2,2,9,Невский,Спортивная,2.0,евроремонт,частично,5,59.9152,30.5093,21.08,1968,56,1,0,1,0,0,0,5,2015,2,838.7265917602997,0.2222222222222222,0,0,0,2,0,0,106.8,0,42.16
42880.0,49.3,2,3,9,Невский,Чернышевская,9.8,евроремонт,частично,10,59.9415,30.4854,18.4,1967,57,1,0,1,0,0,0,1,2015,2,869.7768762677485,0.3333333333333333,0,0,0,2,0,0,98.6,0,180.32
53469.0,44.4,2,3,7,Центральный,Площадь Восстания,3.6,без ремонта,частично,5,59.9106,30.3445,3.47,1924,100,1,0,1,0,1,0,1,1995,2,1204.2567567567569,0.42857142857142855,0,0,0,3,0,0,88.8,0,12.492
128458.0,82.3,2,6,6,Адмиралтейский,Чернышевская,1.6,косметический,нет,12,59.9183,30.305,2.11,1923,101,0,1,1,0,0,0,1,2005,0,1560.850546780073,1.0,0,1,1,2,0,1,164.6,0,3.376
24479.0,33.2,2,3,9,Кировский,Ладожская,4.1,косметический,частично,9,59.8669,30.2469,10.72,2019,5,1,0,0,0,1,0,4,2005,2,737.3192771084337,0.3333333333333333,1,0,0,2,0,0,66.4,0,43.952
42251.0,38.2,2,8,9,Василеостровский,Московская,7.3,евроремонт,частично,11,59.9478,30.2332,9.83,2015,9,0,1,1,0,0,0,2,2015,2,1106.0471204188482,0.8888888888888888,1,0,1,2,0,0,76.4,0,71.759
43505.0,40.0,1,3,6,Адмиралтейский,Спортивная,12.0,косметический,нет,6,59.9183,30.3014,2.44,1903,121,1,0,0,1,0,0,5,2005,0,1087.625,0.5,0,1,0,2,1,0,40.0,0,29.28
34309.0,60.5,1,3,5,Невский,Московская,2.0,дизайнерский,нет,1,59.9092,30.5208,22.4,2011,13,1,0,0,0,0,0,2,2020,0,567.0909090909091,0.6,1,0,0,1,0,1,60.5,0,44.8
24393.0,40.5,3,6,7,Центральный,Ладожская,11.3,без ремонта,частично,1,59.9493,30.3309,2.46,1935,89,1,0,1,0,1,0,4,1995,2,602.2962962962963,0.8571428571428571,0,1,1,3,0,1,121.5,0,27.798000000000002
29595.0,49.4,1,3,6,Центральный,Московская,3.5,косметический,полностью,1,59.9095,30.3207,2.27,1915,109,0,0,1,0,0,0,2,2005,5,599.089068825911,0.5,0,1,0,1,0,1,49.4,0,7.945
34811.0,43.9,1,7,9,Василеостровский,Площадь Восстания,4.6,косметический,нет,2,59.9478,30.2546,7.52,1967,57,1,1,0,0,1,0,1,2005,0,792.9612756264237,0.7777777777777778,0,0,1,3,0,1,43.9,0,34.592
34774.0,48.5,1,3,5,Василеостровский,Ладожская,2.0,косметический,частично,4,59.9269,30.2368,9.25,1949,75,1,0,1,0,0,1,4,2005,2,716.9896907216495,0.6,0,0,0,3,0,0,48.5,0,18.5
42667.0,30.5,3,5,7,Адмиралтейский,Гостиный двор,1.5,косметический,частично,2,59.9139,30.2892,3.86,1985,39,0,0,1,0,0,0,1,2005,2,1398.9180327868853,0.7142857142857143,0,0,1,1,0,1,91.5,0,5.79
39045.0,43.9,1,6,9,Московский,Спортивная,13.1,евроремонт,полностью,10,59.8707,30.302,6.88,1991,33,0,1,1,0,0,0,5,2015,5,889.4077448747153,0.6666666666666666,0,0,0,2,0,0,43.9,0,90.128
92389.0,67.3,1,4,12,Василеостровский,Спортивная,2.2,косметический,частично,6,59.9574,30.2626,7.06,1958,66,1,0,1,0,0,0,5,2005,2,1372.7934621099555,0.3333333333333333,0,0,0,2,1,0,67.3,0,15.532
34866.0,57.0,2,2,9,Фрунзенский,Комендантский проспект,2.0,косметический,частично,12,59.8587,30.4034,12.18,1968,56,1,1,1,0,0,1,5,2005,2,611.6842105263158,0.2222222222222222,0,0,0,4,0,1,114.0,0,24.36
20000.0,33.9,2,2,9,Фрунзенский,Комендантский проспект,13.8,без ремонта,нет,1,59.8377,30.3586,11.1,1966,58,1,0,1,0,1,1,5,1995,0,589.9705014749263,0.2222222222222222,0,0,0,4,0,1,67.8,0,153.18
96360.0,49.5,2,2,7,Центральный,Петроградская,3.1,евроремонт,нет,8,59.9521,30.3375,3.12,1982,42,1,0,0,0,1,1,2,2015,0,1946.6666666666667,0.2857142857142857,0,0,0,3,1,0,99.0,0,9.672
20000.0,30.2,1,5,5,Калининский,Комендантский проспект,20.0,косметический,частично,2,59.9815,30.4223,12.71,1980,44,1,1,1,0,1,0,5,2005,2,662.2516556291391,1.0,0,0,1,4,0,1,30.2,0,254.20000000000002
29626.0,65.0,1,1,5,Калининский,Московская,3.8,без ремонта,нет,5,59.9864,30.3909,10.05,1987,37,0,0,1,0,0,0,2,1995,0,455.7846153846154,0.2,0,0,0,1,0,0,65.0,0,38.19
41556.0,37.2,1,3,5,Петроградский,Спортивная,2.0,без ремонта,частично,8,59.9575,30.2853,4.91,1973,51,1,0,0,0,0,0,5,1995,2,1117.0967741935483,0.6,0,0,0,1,1,0,37.2,0,9.82
32945.0,41.9,2,2,5,Фрунзенский,Площадь Восстания,2.0,без ремонта,частично,3,59.8432,30.3775,11.55,2012,12,1,0,1,1,0,0,1,1995,2,786.2768496420048,0.4,1,0,0,3,0,0,83.8,0,23.1
27874.0,44.8,2,2,12,Калининский,Проспект Ветеранов,19.7,косметический,полностью,7,60.0239,30.4145,14.79,2009,15,0,0,1,0,0,0,1,2005,5,622.1875,0.16666666666666666,0,0,0,1,1,0,89.6,0,291.363
69627.0,46.1,1,5,5,Адмиралтейский,Петроградская,1.0,дизайнерский,нет,6,59.9153,30.2834,4.38,2004,20,1,0,1,0,0,0,2,2020,0,1510.347071583514,1.0,0,0,1,2,1,0,46.1,0,4.38
35095.0,52.9,3,4,5,Калининский,Ладожская,20.9,без ремонта,частично,6,60.0219,30.4247,15.46,1997,27,1,1,0,0,0,0,4,1995,2,663.421550094518,0.8,0,0,1,2,1,0,158.7,0,323.114
34078.0,43.1,1,6,9,Московский,Петроградская,4.4,без ремонта,частично,6,59.8712,30.3353,6.75,1962,62,1,0,0,0,0,0,2,1995,2,790.6728538283062,0.6666666666666666,0,0,0,1,1,0,43.1,0,29.700000000000003
42558.0,68.7,3,2,5,Адмиралтейский,Проспект Ветеранов,8.9,косметический,нет,12,59.9195,30.2587,6.9,1935,89,1,1,1,0,0,0,1,2005,0,619.4759825327511,0.4,0,0,0,3,0,1,206.10000000000002,0,61.410000000000004
93585.0,72.8,1,1,7,Центральный,Невский проспект,1.9,косметический,нет,10,59.9064,30.344,3.73,1976,48,1,0,1,0,0,0,2,2005,0,1285.5082417582419,0.14285714285714285,0,0,0,2,0,0,72.8,0,7.087
28882.0,28.1,1,4,9,Петроградский,Площадь Восстания,12.5,косметический,полностью,10,59.9654,30.2905,5.12,2009,15,1,0,0,0,0,0,1,2005,5,1027.829181494662,0.4444444444444444,0,0,0,1,0,0,28.1,0,64.0
42475.0,40.8,2,11,12,Приморский,Спортивная,3.1,косметический,нет,6,59.9865,30.1351,21.46,2011,13,1,0,1,0,0,0,5,2005,0,1041.0539215686276,0.9166666666666666,1,0,1,2,1,0,81.6,0,66.52600000000001
43948.0,48.6,1,2,6,Адмиралтейский,Чернышевская,10.7,евроремонт,нет,11,59.9076,30.2892,4.23,2003,21,0,0,0,0,0,0,1,2015,0,904.2798353909465,0.3333333333333333,0,0,0,0,0,0,48.6,0,45.261
32710.0,36.2,2,8,9,Невский,Петроградская,13.6,евроремонт,частично,7,59.9311,30.5008,20.07,1988,36,0,0,0,0,0,0,2,2015,2,903.5911602209944,0.8888888888888888,0,0,1,0,1,0,72.4,0,272.952
64706.0,54.3,1,2,5,Центральный,Комендантский проспект,1.0,без ремонта,частично,10,59.9363,30.3158,0.84,2006,18,0,0,1,0,1,0,5,1995,2,1191.6390423572745,0.4,0,1,0,2,0,0,54.3,0,0.84
20000.0,30.2,1,1,5,Невский,Комендантский проспект,2.3,косметический,нет,7,59.9193,30.5209,22.33,1960,64,1,1,1,0,1,0,5,2005,0,662.2516556291391,0.2,0,0,0,4,1,0,30.2,0,51.358999999999995
31260.0,42.4,2,1,5,Петроградский,Московская,10.3,косметический,частично,6,59.9842,30.3237,6.03,1942,82,0,1,0,0,0,0,2,2005,2,737.2641509433962,0.2,0,0,0,1,1,0,84.8,0,62.10900000000001
59835.0,46.5,2,9,12,Калининский,Невский проспект,3.0,косметический,нет,8,60.0075,30.3947,11.95,1983,41,1,0,1,0,0,0,2,2005,0,1286.774193548387,0.75,0,0,1,2,1,0,93.0,0,35.849999999999994
85289.0,58.0,1,5,5,Адмиралтейский,Комендантский проспект,3.2,косметический,полностью,6,59.9381,30.2762,4.94,1924,100,1,1,1,0,1,1,5,2005,5,1470.5,1.0,0,0,1,5,1,0,58.0,0,15.808000000000002
21383.0,22.1,1,5,5,Центральный,Комендантский проспект,10.7,косметический,полностью,10,59.93,30.3441,2.67,2011,13,1,0,1,1,1,0,5,2005,5,967.5565610859728,1.0,1,1,1,4,0,0,22.1,1,28.569
23301.0,43.9,2,3,9,Приморский,Спортивная,10.7,без ремонта,нет,3,59.9858,30.1543,19.41,2019,5,1,0,0,0,1,0,5,1995,0,530.7744874715262,0.3333333333333333,1,0,0,2,0,0,87.8,0,207.68699999999998
20000.0,20.0,2,2,5,Невский,Спортивная,6.9,без ремонта,частично,6,59.9117,30.4763,17.47,1978,46,0,0,1,1,0,0,5,1995,2,1000.0,0.4,0,0,0,2,1,0,40.0,0,120.54299999999999
34394.0,53.1,1,2,9,Невский,Петроградская,4.5,евроремонт,частично,11,59.947,30.4823,18.12,2009,15,1,0,1,0,0,0,2,2015,2,647.7212806026365,0.2222222222222222,0,0,0,2,0,0,53.1,0,81.54
87612.0,54.2,2,5,5,Адмиралтейский,Московская,3.6,косметический,частично,8,59.895,30.2953,4.76,2004,20,1,0,1,0,1,0,2,2005,2,1616.4575645756456,1.0,0,0,1,3,1,0,108.4,0,17.136
20000.0,31.2,2,1,9,Приморский,Невский проспект,5.4,косметический,полностью,1,59.9771,30.1655,17.93,2000,24,0,0,1,0,0,1,2,2005,5,641.025641025641,0.1111111111111111,0,0,0,2,0,1,62.4,0,96.822
20812.0,26.3,2,4,5,Адмиралтейский,Петроградская,4.1,без ремонта,полностью,12,59.9098,30.2831,4.66,1988,36,1,0,1,0,0,0,2,1995,5,791.3307984790874,0.8,0,0,1,2,0,1,52.6,0,19.105999999999998
33568.0,44.1,1,3,5,Центральный,Ладожская,12.0,косметический,нет,5,59.9373,30.3128,1.14,2008,16,1,0,1,0,1,0,4,2005,0,761.1791383219954,0.6,0,1,0,3,0,0,44.1,0,13.68
107631.0,69.4,1,5,7,Адмиралтейский,Проспект Ветеранов,4.6,евроремонт,частично,6,59.9104,30.2708,5.88,2005,19,1,1,1,0,1,0,1,2015,2,1550.878962536023,0.7142857142857143,0,0,1,4,1,0,69.4,0,27.048
111594.0,66.3,1,3,5,Центральный,Чернышевская,5.9,евроремонт,полностью,3,59.9486,30.3155,2.13,1979,45,1,0,1,0,0,0,1,2015,5,1683.1674208144798,0.6,0,1,0,2,0,0,66.3,0,12.567
59434.0,60.5,2,2,12,Московский,Чернышевская,14.3,без ремонта,нет,12,59.8898,30.3186,4.46,2017,7,1,0,1,1,0,0,1,1995,0,982.3801652892562,0.16666666666666666,1,0,0,3,0,1,121.0,0,63.778000000000006
32413.0,49.2,1,4,16,Московский,Московская,6.9,без ремонта,частично,11,59.8879,30.3435,5.35,2008,16,0,0,1,0,0,0,2,1995,2,658.80081300813,0.25,0,0,0,1,0,0,49.2,0,36.915
54240.0,34.5,2,1,6,Адмиралтейский,Спортивная,1.8,косметический,полностью,9,59.9237,30.3039,1.92,2019,5,0,1,1,0,0,0,5,2005,5,1572.1739130434783,0.16666666666666666,1,1,0,2,0,0,69.0,1,3.456
81287.0,74.8,3,11,12,Приморский,Ладожская,7.8,косметический,частично,6,59.9971,30.1509,20.19,1992,32,0,0,1,0,0,1,4,2005,2,1086.7245989304813,0.9166666666666666,0,0,1,2,1,0,224.39999999999998,0,157.482
43247.0,36.2,1,3,12,Василеостровский,Площадь Восстания,15.0,евроремонт,полностью,6,59.9441,30.2325,9.84,2008,16,1,1,1,0,0,0,1,2015,5,1194.6685082872928,0.25,0,0,0,3,1,0,36.2,0,147.6
76806.0,64.5,2,4,5,Василеостровский,Чернышевская,4.0,евроремонт,частично,1,59.9289,30.2666,5.93,1992,32,1,0,1,0,1,0,1,2015,2,1190.7906976744187,0.8,0,0,1,3,0,1,129.0,0,23.72
20000.0,20.0,1,1,5,Адмиралтейский,Площадь Восстания,1.1,евроремонт,частично,1,59.9296,30.2803,4.41,1986,38,1,1,0,0,0,0,1,2015,2,1000.0,0.2,0,0,0,2,0,1,20.0,0,4.851000000000001
21057.0,20.0,4,7,12,Фрунзенский,Спортивная,2.0,евроремонт,полностью,5,59.8256,30.3659,12.65,2001,23,0,0,1,0,1,1,5,2015,5,1052.85,0.5833333333333334,0,0,0,3,0,0,80.0,0,25.3
44793.0,42.1,1,8,12,Московский,Ладожская,2.0,косметический,частично,8,59.9053,30.3268,2.85,1968,56,1,1,1,0,1,0,4,2005,2,1063.9667458432305,0.6666666666666666,0,1,0,4,1,0,42.1,0,5.7
72434.0,62.8,3,14,16,Московский,Площадь Восстания,2.7,косметический,частично,12,59.9093,30.3155,2.35,2000,24,1,1,1,0,0,0,1,2005,2,1153.407643312102,0.875,0,1,1,3,0,1,188.39999999999998,0,6.345000000000001
20000.0,29.1,3,6,25,Приморский,Московская,25.0,евроремонт,частично,10,59.9996,30.1699,18.36,2008,16,0,0,0,0,0,0,2,2015,2,687.2852233676975,0.24,0,0,0,0,0,0,87.30000000000001,0,459.0
40358.0,31.3,1,1,5,Петроградский,Комендантский проспект,2.0,дизайнерский,полностью,4,59.958,30.3041,3.57,1988,36,0,1,1,0,0,1,5,2020,5,1289.3929712460063,0.2,0,0,0,3,0,0,31.3,0,7.14
20000.0,34.0,2,5,9,Калининский,Ладожская,17.2,без ремонта,полностью,11,60.0103,30.413,13.64,2001,23,1,1,0,0,0,1,4,1995,5,588.2352941176471,0.5555555555555556,0,0,0,3,0,0,68.0,0,234.608
24869.0,49.0,2,9,9,Невский,Московская,12.6,без ремонта,полностью,3,59.9418,30.5138,21.55,1966,58,1,0,1,0,0,0,2,1995,5,507.53061224489795,1.0,0,0,1,2,0,0,98.0,0,271.53000000000003
25215.0,45.6,1,1,5,Фрунзенский,Комендантский проспект,4.0,косметический,полностью,12,59.8547,30.3654,9.76,2009,15,1,1,1,0,1,0,5,2005,5,552.9605263157895,0.2,0,0,0,4,0,1,45.6,0,39.04
22599.0,46.0,1,7,9,Невский,Спортивная,2.0,без ремонта,нет,3,59.9526,30.5019,20.35,1990,34,0,0,0,0,0,1,5,1995,0,491.2826086956522,0.7777777777777778,0,0,1,1,0,0,46.0,0,40.7
20000.0,24.7,1,9,12,Московский,Гостиный двор,3.5,косметический,частично,10,59.8827,30.331,5.39,1963,61,1,0,1,0,0,0,1,2005,2,809.7165991902834,0.75,0,0,1,2,0,0,24.7,0,18.865
72789.0,91.6,3,3,5,Невский,Комендантский проспект,3.7,без ремонта,частично,6,59.9536,30.4936,19.45,1974,50,1,0,1,0,1,1,5,1995,2,794.6397379912664,0.6,0,0,0,4,1,0,274.79999999999995,0,71.965
68366.0,60.2,3,3,7,Центральный,Проспект Ветеранов,2.9,косметический,полностью,5,59.9547,30.2993,3.57,1892,132,1,0,1,0,0,0,1,2005,5,1135.6478405315613,0.42857142857142855,0,0,0,2,0,0,180.60000000000002,0,10.353
37407.0,40.8,1,5,6,Центральный,Комендантский проспект,1.6,косметический,нет,2,59.9409,30.3003,2.5,2015,9,0,0,1,0,1,1,5,2005,0,916.8382352941177,0.8333333333333334,1,1,1,3,0,1,40.8,1,4.0
99026.0,67.8,2,7,12,Московский,Невский проспект,5.2,косметический,полностью,7,59.8815,30.2957,6.02,1968,56,0,1,1,0,1,0,2,2005,5,1460.5604719764012,0.5833333333333334,0,0,0,3,1,0,135.6,0,31.304
34477.0,41.5,1,3,6,Адмиралтейский,Комендантский проспект,6.2,косметический,частично,9,59.9405,30.3019,2.32,2006,18,1,0,1,0,0,0,5,2005,2,830.7710843373494,0.5,0,1,0,2,0,0,41.5,0,14.383999999999999
20000.0,20.0,1,4,9,Невский,Невский проспект,7.1,косметический,нет,5,59.927,30.4821,18.0,1970,54,0,0,1,0,1,0,2,2005,0,1000.0,0.4444444444444444,0,0,0,2,0,0,20.0,0,127.8
22804.0,36.3,1,6,9,Петроградский,Невский проспект,20.0,евроремонт,частично,2,59.9537,30.3033,3.22,1978,46,0,1,1,0,0,0,2,2015,2,628.2093663911846,0.6666666666666666,0,0,0,2,0,1,36.3,0,64.4
61863.0,47.0,1,15,16,Московский,Площадь Восстания,2.0,евроремонт,полностью,6,59.8884,30.3364,4.96,1962,62,0,0,1,0,0,0,1,2015,5,1316.2340425531916,0.9375,0,0,1,1,1,0,47.0,0,9.92
30086.0,29.7,1,1,5,Центральный,Проспект Ветеранов,1.0,косметический,полностью,4,59.912,30.306,2.53,1980,44,1,0,1,0,1,0,1,2005,5,1012.996632996633,0.2,0,1,0,3,0,0,29.7,0,2.53
25924.0,47.7,2,12,12,Кировский,Московская,19.2,косметический,полностью,3,59.8889,30.2579,8.27,1950,74,1,1,1,0,0,0,2,2005,5,543.4800838574423,1.0,0,0,1,3,0,0,95.4,0,158.784
40411.0,35.7,2,7,9,Адмиралтейский,Гостиный двор,7.3,косметический,нет,10,59.9304,30.2745,5.05,2021,3,1,0,1,0,0,0,1,2005,0,1131.9607843137253,0.7777777777777778,1,0,1,2,0,0,71.4,0,36.864999999999995
103235.0,68.0,3,4,5,Петроградский,Площадь Восстания,2.8,косметический,частично,6,59.9672,30.2913,5.22,1949,75,1,1,1,0,0,1,1,2005,2,1518.1617647058824,0.8,0,0,1,4,1,0,204.0,0,14.615999999999998
20000.0,20.3,3,1,5,Петроградский,Гостиный двор,3.3,евроремонт,частично,5,59.9716,30.3134,4.68,1931,93,1,0,0,0,0,1,1,2015,2,985.2216748768473,0.2,0,0,0,2,0,0,60.900000000000006,0,15.443999999999999
45269.0,72.0,1,7,12,Приморский,Московская,7.3,дизайнерский,полностью,1,60.02,30.1612,20.26,2004,20,0,1,1,0,0,1,2,2020,5,628.7361111111111,0.5833333333333334,0,0,0,3,0,1,72.0,0,147.898
61001.0,40.0,3,2,6,Адмиралтейский,Гостиный двор,6.1,евроремонт,частично,10,59.939,30.2576,7.0,1970,54,1,0,1,0,0,0,1,2015,2,1525.025,0.3333333333333333,0,0,0,2,0,0,120.0,0,42.699999999999996
29641.0,20.0,3,4,5,Петроградский,Петроградская,2.0,евроремонт,полностью,5,59.9927,30.2936,7.55,1976,48,1,1,0,0,1,0,2,2015,5,1482.05,0.8,0,0,1,3,0,0,60.0,0,15.1
113945.0,53.5,4,6,6,Центральный,Чернышевская,3.1,косметический,полностью,6,59.9226,30.3284,1.24,2018,6,0,1,1,0,1,0,1,2005,5,2129.8130841121497,1.0,1,1,1,3,1,0,214.0,1,3.844
23871.0,35.3,1,1,9,Приморский,Ладожская,5.1,без ремонта,частично,9,60.0197,30.1345,22.87,2018,6,1,0,0,0,0,0,4,1995,2,676.2322946175638,0.1111111111111111,1,0,0,1,0,0,35.3,0,116.637
77661.0,51.9,1,2,7,Центральный,Чернышевская,3.6,евроремонт,нет,11,59.9101,30.3165,2.24,1910,114,1,0,1,0,0,0,1,2015,0,1496.3583815028903,0.2857142857142857,0,1,0,2,0,0,51.9,0,8.064000000000002
20000.0,20.0,1,1,5,Кировский,Московская,10.3,евроремонт,частично,1,59.8986,30.2401,9.53,1985,39,1,0,1,0,0,0,2,2015,2,1000.0,0.2,0,0,0,2,0,1,20.0,0,98.159
58059.0,50.5,1,6,7,Центральный,Чернышевская,5.4,косметический,частично,4,59.9522,30.3155,2.52,1997,27,0,0,1,0,1,0,1,2005,2,1149.6831683168316,0.8571428571428571,0,1,1,2,0,0,50.5,0,13.608
37695.0,59.8,1,1,9,Калининский,Чернышевская,4.5,косметический,нет,4,59.9794,30.4213,12.51,2021,3,0,0,0,0,0,1,1,2005,0,630.3511705685619,0.1111111111111111,1,0,0,1,0,0,59.8,0,56.295
20000.0,51.8,2,1,9,Приморский,Проспект Ветеранов,25.0,без ремонта,нет,12,59.9895,30.1664,18.28,2003,21,1,0,1,0,0,0,1,1995,0,386.1003861003861,0.1111111111111111,0,0,0,2,0,1,103.6,0,457.0
38795.0,20.0,1,4,6,Центральный,Комендантский проспект,1.3,косметический,частично,8,59.9462,30.3358,2.52,2005,19,1,0,1,0,0,0,5,2005,2,1939.75,0.6666666666666666,0,1,0,2,1,0,20.0,0,3.2760000000000002
103838.0,61.7,2,14,16,Московский,Петроградская,2.0,евроремонт,частично,4,59.8906,30.3415,4.98,2017,7,1,0,0,0,1,1,2,2015,2,1682.9497568881684,0.875,1,0,1,3,0,0,123.4,0,9.96
32084.0,31.1,3,3,5,Петроградский,Петроградская,8.5,без ремонта,частично,6,59.965,30.3168,3.9,1930,94,1,0,1,0,0,0,2,1995,2,1031.6398713826366,0.6,0,0,0,2,1,0,93.30000000000001,0,33.15
38937.0,39.8,1,2,5,Петроградский,Гостиный двор,9.5,без ремонта,частично,8,59.9816,30.2771,7.45,1999,25,0,0,0,0,1,0,1,1995,2,978.3165829145729,0.4,0,0,0,1,1,0,39.8,0,70.775
62105.0,40.3,3,4,7,Адмиралтейский,Площадь Восстания,3.6,косметический,частично,9,59.9416,30.2893,3.64,1994,30,1,0,1,0,0,0,1,2005,2,1541.0669975186106,0.5714285714285714,0,0,0,2,0,0,120.89999999999999,0,13.104000000000001
54141.0,39.0,1,8,9,Петроградский,Петроградская,2.0,косметический,нет,8,59.9496,30.3145,2.26,1921,103,1,1,0,0,0,0,2,2005,0,1388.2307692307693,0.8888888888888888,0,1,1,2,1,0,39.0,0,4.52
54265.0,43.3,1,2,7,Адмиралтейский,Проспект Ветеранов,1.0,без ремонта,полностью,7,59.9096,30.2823,4.76,2021,3,1,0,1,0,0,0,1,1995,5,1253.2332563510392,0.2857142857142857,1,0,0,2,1,0,43.3,0,4.76
24604.0,49.1,1,8,9,Калининский,Ладожская,7.7,косметический,нет,10,60.0044,30.4038,12.44,1983,41,1,0,1,0,0,1,4,2005,0,501.0997963340122,0.8888888888888888,0,0,1,3,0,0,49.1,0,95.788
20000.0,29.4,1,2,12,Приморский,Гостиный двор,14.8,косметический,частично,4,60.0213,30.1576,20.68,2010,14,1,0,1,0,0,0,1,2005,2,680.2721088435375,0.16666666666666666,1,0,0,2,0,0,29.4,0,306.064
56802.0,31.5,4,2,6,Центральный,Чернышевская,2.3,косметический,частично,8,59.9259,30.3159,0.64,1910,114,0,0,1,0,1,0,1,2005,2,1803.2380952380952,0.3333333333333333,0,1,0,2,1,0,126.0,0,1.472
44181.0,40.6,2,3,6,Адмиралтейский,Комендантский проспект,2.8,косметический,частично,5,59.9002,30.2742,6.06,1972,52,0,0,1,0,0,1,5,2005,2,1088.2019704433496,0.5,0,0,0,2,0,0,81.2,0,16.967999999999996
23302.0,32.1,3,6,12,Фрунзенский,Проспект Ветеранов,3.0,косметический,полностью,12,59.8323,30.3716,12.27,1999,25,1,0,1,0,0,1,1,2005,5,725.9190031152648,0.5,0,0,0,3,0,1,96.30000000000001,0,36.81
23228.0,40.0,2,12,12,Приморский,Проспект Ветеранов,25.0,без ремонта,частично,8,59.9869,30.1449,20.43,1999,25,1,1,0,0,1,0,1,1995,2,580.7,1.0,0,0,1,3,1,0,80.0,0,510.75
45913.0,57.4,3,4,9,Калининский,Московская,3.0,косметический,частично,7,60.0242,30.3984,13.61,1993,31,1,1,0,0,1,1,2,2005,2,799.8780487804878,0.4444444444444444,0,0,0,4,1,0,172.2,0,40.83
75384.0,66.8,1,4,5,Василеостровский,Московская,4.7,евроремонт,частично,11,59.9591,30.2402,9.43,2012,12,1,0,0,0,1,0,2,2015,2,1128.5029940119762,0.8,1,0,1,2,0,0,66.8,0,44.321
69673.0,61.4,1,1,9,Приморский,Петроградская,8.7,косметический,частично,7,59.9754,30.1344,21.21,1991,33,0,0,1,0,0,0,2,2005,2,1134.7394136807818,0.1111111111111111,0,0,0,1,1,0,61.4,0,184.527
76485.0,77.7,3,11,16,Московский,Гостиный двор,4.0,без ремонта,частично,5,59.8876,30.3383,5.13,1960,64,1,0,0,0,0,0,1,1995,2,984.3629343629343,0.6875,0,0,0,1,0,0,233.10000000000002,0,20.52
35294.0,46.3,1,7,12,Василеостровский,Ладожская,2.0,без ремонта,частично,9,59.9189,30.2591,6.87,2008,16,0,1,0,0,0,0,4,1995,2,762.2894168466523,0.5833333333333334,0,0,0,1,0,0,46.3,0,13.74
81085.0,75.5,1,2,5,Центральный,Петроградская,3.6,косметический,частично,6,59.9327,30.3013,2.1,2009,15,0,1,1,0,0,0,2,2005,2,1073.9735099337747,0.4,0,1,0,2,1,0,75.5,0,7.5600000000000005
20000.0,20.0,2,3,5,Фрунзенский,Петроградская,5.8,евроремонт,нет,12,59.8747,30.375,8.66,1969,55,1,0,0,0,0,0,2,2015,0,1000.0,0.6,0,0,0,1,0,1,40.0,0,50.228
36413.0,74.8,1,2,12,Приморский,Комендантский проспект,22.5,косметический,частично,6,59.9858,30.1664,18.15,1998,26,0,0,0,0,0,0,5,2005,2,486.8048128342246,0.16666666666666666,0,0,0,0,1,0,74.8,0,408.37499999999994
95313.0,54.4,3,7,7,Адмиралтейский,Гостиный двор,1.0,косметический,частично,11,59.9199,30.2999,2.5,2011,13,1,1,0,0,0,0,1,2005,2,1752.077205882353,1.0,1,1,1,2,0,0,163.2,1,2.5
50995.0,58.0,4,8,9,Фрунзенский,Проспект Ветеранов,2.0,без ремонта,частично,10,59.875,30.3905,9.93,1995,29,1,0,0,0,0,0,1,1995,2,879.2241379310345,0.8888888888888888,0,0,1,1,0,0,232.0,0,19.86
23413.0,22.7,1,2,12,Московский,Петроградская,2.0,евроремонт,частично,3,59.8713,30.3188,6.52,1963,61,1,0,1,0,0,1,2,2015,2,1031.409691629956,0.16666666666666666,0,0,0,3,0,0,22.7,0,13.04
26716.0,38.1,1,5,9,Кировский,Площадь Восстания,2.0,косметический,частично,1,59.8812,30.229,11.47,1968,56,0,1,0,0,1,1,1,2005,2,701.2073490813648,0.5555555555555556,0,0,0,3,0,1,38.1,0,22.94
52474.0,48.9,4,5,5,Центральный,Площадь Восстания,9.8,косметический,нет,6,59.9442,30.3396,2.69,1925,99,1,0,1,0,0,1,1,2005,0,1073.0879345603273,1.0,0,1,1,3,1,0,195.6,0,26.362000000000002
28043.0,40.7,1,5,16,Московский,Московская,13.7,косметический,частично,8,59.8739,30.3223,6.23,1969,55,1,0,1,0,0,0,2,2005,2,689.017199017199,0.3125,0,0,0,2,1,0,40.7,0,85.351
46633.0,51.5,1,4,9,Кировский,Петроградская,3.9,косметический,полностью,3,59.8624,30.2424,11.42,2012,12,0,0,1,1,1,0,2,2005,5,905.495145631068,0.4444444444444444,1,0,0,3,0,0,51.5,0,44.538
27594.0,38.9,3,5,9,Фрунзенский,Невский проспект,3.2,без ремонта,частично,7,59.8654,30.368,8.94,2021,3,1,1,1,0,0,0,2,1995,2,709.3573264781492,0.5555555555555556,1,0,0,3,1,0,116.69999999999999,0,28.608
20000.0,27.9,3,5,9,Приморский,Спортивная,25.0,косметический,нет,6,60.0166,30.1537,20.81,2014,10,1,0,0,0,1,1,5,2005,0,716.8458781362008,0.5555555555555556,1,0,0,3,1,0,83.69999999999999,0,520.25
45077.0,64.9,1,2,12,Кировский,Гостиный двор,7.4,дизайнерский,полностью,11,59.8738,30.2493,10.03,1958,66,1,0,1,0,0,0,1,2020,5,694.5608628659476,0.16666666666666666,0,0,0,2,0,0,64.9,0,74.222
21839.0,35.7,1,5,5,Кировский,Петроградская,13.1,евроремонт,полностью,5,59.8966,30.2599,7.63,1964,60,1,1,1,0,1,0,2,2015,5,611.7366946778711,1.0,0,0,1,4,0,0,35.7,0,99.953
26439.0,43.2,1,5,5,Фрунзенский,Гостиный двор,2.0,косметический,нет,11,59.8424,30.3767,11.58,1998,26,0,0,1,0,1,0,1,2005,0,612.0138888888888,1.0,0,0,1,2,0,0,43.2,0,23.16
27252.0,43.7,1,10,12,Приморский,Гостиный двор,25.0,косметический,нет,9,59.9775,30.1696,17.51,2017,7,1,0,0,0,0,0,1,2005,0,623.6155606407323,0.8333333333333334,1,0,1,1,0,0,43.7,0,437.75000000000006
22750.0,24.0,1,2,9,Василеостровский,Чернышевская,4.0,без ремонта,частично,6,59.9567,30.2267,10.78,1998,26,0,0,1,0,0,0,1,1995,2,947.9166666666666,0.2222222222222222,0,0,0,1,1,0,24.0,0,43.12
40854.0,48.5,1,6,12,Фрунзенский,Спортивная,5.0,евроремонт,нет,9,59.8549,30.4014,12.29,1984,40,1,0,1,0,1,0,5,2015,0,842.3505154639175,0.5,0,0,0,3,0,0,48.5,0,61.449999999999996
20411.0,30.8,1,3,5,Калининский,Комендантский проспект,3.0,евроремонт,частично,3,60.0062,30.409,13.0,2002,22,0,1,1,0,1,0,5,2015,2,662.6948051948052,0.6,0,0,0,3,0,0,30.8,0,39.0
71888.0,48.2,2,12,12,Василеостровский,Комендантский проспект,2.0,косметический,полностью,4,59.9166,30.2437,8.6,1998,26,1,0,1,0,1,1,5,2005,5,1491.4522821576763,1.0,0,0,1,4,0,0,96.4,0,17.2
20000.0,37.1,2,1,9,Фрунзенский,Ладожская,18.8,косметический,полностью,11,59.8499,30.3947,12.15,2002,22,0,0,1,0,0,0,4,2005,5,539.0835579514825,0.1111111111111111,0,0,0,1,0,0,74.2,0,228.42000000000002
91672.0,60.0,1,7,9,Фрунзенский,Спортивная,3.1,евроремонт,частично,7,59.8272,30.375,12.94,1987,37,0,1,1,0,1,0,5,2015,2,1527.8666666666666,0.7777777777777778,0,0,1,3,1,0,60.0,0,40.114
22916.0,62.6,1,1,5,Невский,Чернышевская,14.1,без ремонта,полностью,12,59.907,30.519,22.24,1977,47,0,1,1,0,0,0,1,1995,5,366.0702875399361,0.2,0,0,0,2,0,1,62.6,0,313.58399999999995
90889.0,58.4,1,3,12,Петроградский,Площадь Восстания,2.0,косметический,нет,7,59.9669,30.2929,5.08,1986,38,1,0,1,0,0,1,1,2005,0,1556.318493150685,0.25,0,0,0,3,1,0,58.4,0,10.16
41494.0,73.8,1,1,5,Невский,Ладожская,3.2,евроремонт,полностью,4,59.9464,30.5069,20.83,1960,64,1,0,0,0,1,0,4,2015,5,562.249322493225,0.2,0,0,0,2,0,0,73.8,0,66.65599999999999
25635.0,24.8,3,5,5,Петроградский,Чернышевская,3.4,без ремонта,нет,12,59.9542,30.3053,3.14,1971,53,1,1,1,0,0,0,1,1995,0,1033.6693548387098,1.0,0,0,1,3,0,1,74.4,0,10.676
39155.0,28.7,1,4,6,Адмиралтейский,Комендантский проспект,2.2,дизайнерский,частично,3,59.926,30.278,4.68,2000,24,1,0,1,0,0,0,5,2020,2,1364.2857142857142,0.6666666666666666,0,0,0,2,0,0,28.7,0,10.296
20000.0,26.6,2,8,12,Калининский,Чернышевская,3.0,без ремонта,нет,9,60.0139,30.4197,14.46,2018,6,0,0,1,0,0,0,1,1995,0,751.8796992481202,0.6666666666666666,1,0,0,1,0,0,53.2,0,43.38
30656.0,58.2,1,5,9,Василеостровский,Петроградская,20.0,без ремонта,частично,9,59.9549,30.2605,7.16,1975,49,1,0,1,0,0,0,2,1995,2,526.7353951890034,0.5555555555555556,0,0,0,2,0,0,58.2,0,143.2
20000.0,47.4,3,5,5,Кировский,Ладожская,9.6,косметический,нет,2,59.8849,30.2494,9.3,1958,66,1,0,1,0,1,0,4,2005,0,421.9409282700422,1.0,0,0,1,3,0,1,142.2,0,89.28
31362.0,27.8,2,1,9,Василеостровский,Комендантский проспект,2.5,евроремонт,нет,6,59.9598,30.271,6.37,2003,21,0,0,0,0,0,0,5,2015,0,1128.1294964028777,0.1111111111111111,0,0,0,0,1,0,55.6,0,15.925
36628.0,40.8,3,8,12,Московский,Чернышевская,2.0,косметический,полностью,1,59.8938,30.3182,4.03,1996,28,1,0,1,0,1,0,1,2005,5,897.7450980392158,0.6666666666666666,0,0,0,3,0,1,122.39999999999999,0,8.06
46690.0,46.9,1,1,5,Адмиралтейский,Гостиный двор,3.8,косметический,нет,11,59.8956,30.2854,5.41,2016,8,0,0,1,0,0,0,1,2005,0,995.5223880597015,0.2,1,0,0,1,0,0,46.9,0,20.558
45301.0,46.3,2,2,5,Адмиралтейский,Ладожская,12.0,косметический,полностью,2,59.9293,30.289,3.44,2019,5,1,1,0,0,0,0,4,2005,5,978.4233261339093,0.4,1,0,0,2,0,1,92.6,0,41.28
20000.0,51.3,4,4,12,Московский,Петроградская,4.4,евроремонт,частично,3,59.9113,30.3195,2.07,1963,61,1,0,1,0,0,0,2,2015,2,389.8635477582846,0.3333333333333333,0,1,0,2,0,0,205.2,0,9.108
21279.0,50.4,1,1,5,Фрунзенский,Московская,15.9,косметический,частично,3,59.8626,30.378,9.87,1987,37,0,0,1,0,0,0,2,2005,2,422.20238095238096,0.2,0,0,0,1,0,0,50.4,0,156.933
34689.0,52.6,1,3,5,Центральный,Комендантский проспект,12.0,косметический,частично,1,59.9415,30.3076,1.87,2013,11,0,1,1,0,0,0,5,2005,2,659.4866920152091,0.6,1,1,0,2,0,1,52.6,1,22.44
128030.0,58.9,2,3,6,Центральный,Чернышевская,1.0,косметический,частично,7,59.9518,30.3146,2.49,1986,38,0,0,1,0,0,0,1,2005,2,2173.684210526316,0.5,0,1,0,1,1,0,117.8,0,2.49
28682.0,47.5,1,3,5,Невский,Петроградская,2.0,косметический,частично,1,59.943,30.5131,21.48,2010,14,0,0,1,0,0,1,2,2005,2,603.8315789473684,0.6,1,0,0,2,0,1,47.5,0,42.96
33131.0,47.6,3,9,9,Фрунзенский,Площадь Восстания,3.7,косметический,частично,1,59.8501,30.3899,11.79,2017,7,1,0,0,0,1,0,1,2005,2,696.0294117647059,1.0,1,0,1,2,0,1,142.8,0,43.623
43020.0,30.3,3,4,5,Адмиралтейский,Площадь Восстания,1.0,евроремонт,частично,2,59.9377,30.255,7.26,1916,108,0,0,0,0,1,1,1,2015,2,1419.8019801980197,0.8,0,0,1,2,0,1,90.9,0,7.26
